3.96281,-34.0414,-6.04296
3.00255,-33.8429,-5.99086
1.22773,-37.2055,-6.5639
1.11276,-37.6032,-6.63336
0.984768,-37.6068,-6.63336
0.863495,-37.9053,-6.68545
0.734489,-37.908,-6.68545
0.597471,-37.6149,-6.63336
0.46983,-37.9122,-6.68545
-1.11724,-38.7853,-6.84174
-1.24309,-38.4859,-6.78964
-1.3739,-38.3829,-6.77228
-1.51947,-38.6731,-6.82437
-1.66287,-38.8643,-6.8591
-1.8224,-39.4487,-6.96329
-1.95177,-39.3439,-6.94593
-2.07866,-39.1402,-6.9112
-2.22083,-39.231,-6.92856
-2.35433,-39.2232,-6.92856
-2.50029,-39.4116,-6.96329
-2.651,-39.5991,-6.99802
-2.79613,-39.6879,-7.01539
-2.93119,-39.6781,-7.01539
-3.06621,-39.6679,-7.01539
-3.20465,-39.657,-7.01539
-3.3679,-39.9399,-7.06748
-3.49867,-39.8298,-7.05012
-3.68248,-40.3077,-7.13694
-3.8847,-40.9813,-7.25849
-3.92788,-39.9877,-7.08485
-4.11374,-40.464,-7.17167
-4.25144,-40.4498,-7.17167
-4.33595,-39.9455,-7.08485
-4.50475,-40.2241,-7.13694
-4.62602,-40.0121,-7.10221
-4.78081,-40.0931,-7.11958
-5.01675,-40.8581,-7.25849
-5.99218,-40.7265,-7.25849
-6.97127,-40.5704,-7.25849
-7.11284,-40.5458,-7.25849
-8.74654,-41.4336,-7.46687
-8.93246,-41.5954,-7.5016
-26.0659,-42.5858,-8.80396
-26.1553,-42.4153,-8.7866
-26.4072,-42.491,-8.82133
-26.6599,-42.5655,-8.85606
-27.2288,-43.1384,-8.99498
173.53,-176.031,2.87768
145.002,-240.325,3.26765
92.8021,-351.739,4.23503
92.3289,-354.964,4.26995
55.2157,-707.902,8.26633
52.8011,-707.184,8.25586
50.4509,-708.157,8.26517
47.9795,-707.427,8.25469
-6.98874,-163.339,1.90332
-248.16,-1049.38,12.5537
-525.439,-871.719,11.8495
-489.704,-800.064,10.9205
-451.049,-731.453,10.0043
-453.441,-729.619,10.0009
-416.36,-659.635,9.08121
-417.855,-656.912,9.06375
-419.98,-655.318,9.06142
-422.425,-654.22,9.06608
-426.126,-654.8,9.09518
-525.069,-607.87,9.35128
-527.779,-606.712,9.36176
-530.552,-605.618,9.3734
-532.994,-604.138,9.37922
-535.631,-602.871,9.38853
-537.346,-600.672,9.38271
-540.324,-599.88,9.39901
-542.781,-598.604,9.40716
-545.572,-597.687,9.42113
-547.962,-595.904,9.42462
-550.618,-594.405,9.43277
-553.099,-592.918,9.43975
-556.123,-592.004,9.45605
-558.736,-590.64,9.46536
-561.484,-589.41,9.47701
-563.192,-587.086,9.47119
-566.28,-586.195,9.48865
-569.127,-585.246,9.50378
-571.554,-583.856,9.51193
-573.889,-582.263,9.51775
-576.431,-580.875,9.52706
-579.192,-579.395,9.53754
-582.234,-578.184,9.55267
-584.961,-576.85,9.56431
-586.971,-574.804,9.56431
-590.408,-574.146,9.5876
-592.912,-572.568,9.59575
-595.845,-571.395,9.61088
-598.343,-569.794,9.61903
-601.173,-568.7,9.63416
-603.202,-566.84,9.63649
-606.469,-565.838,9.65628
-608.783,-563.936,9.66094
-611.925,-562.891,9.67956
-612.41,-559.403,9.65628
-616.155,-543.405,9.56431
-617.897,-541.119,9.56199
-620.367,-539.657,9.57246
-623.515,-538.774,9.59342
-633.75,-532.156,9.63416
-635.278,-526.108,9.60273
-643.829,-525.469,9.6749
-646.437,-523.848,9.68655
-647.248,-520.773,9.67141
-651.953,-520.82,9.71448
-655.49,-519.908,9.74009
-667.258,-514.6,9.80994
-670.003,-512.998,9.82391
-673.063,-511.624,9.84254
-676.362,-510.416,9.86465
-679.74,-509.251,9.88794
-682.271,-507.531,9.89958
-684.799,-505.8,9.91122
-694.398,-501.645,9.97292
-696.02,-499.22,9.97175
-699.952,-498.534,10.0043
-702.091,-496.556,10.0113
-704.966,-494.907,10.0276
-713.492,-489.637,10.0742
-716.519,-488.044,10.0928
-719.379,-486.324,10.1091
-739.07,-481.242,10.2674
-1113.78,293.962,13.4105
-995.296,614.708,13.6189
514.494,706.324,10.1731
507.168,686.275,9.9345
508.307,682.941,9.91122
504.03,672.282,9.782
494.306,649.928,9.50611
447.599,514.903,7.94271
444.783,508.071,7.86122
442.322,501.715,7.78672
440.286,495.906,7.72037
437.949,489.819,7.64936
435.976,484.2,7.58533
434.171,478.824,7.5248
432.292,473.503,7.46426
429.841,467.612,7.39442
428.278,462.66,7.3397
426.277,457.286,7.27801
424.683,452.478,7.22446
422.374,446.961,7.15927
420.347,441.717,7.09873
418.843,437.07,7.04751
417.064,432.26,6.9928
415.189,427.396,6.93692
413.252,422.441,6.87988
411.706,417.933,6.82982
409.923,413.228,6.77627
408.325,408.752,6.72622
406.912,404.505,6.67965
405.191,399.991,6.62843
403.943,395.984,6.58536
402.241,391.573,6.5353
400.806,387.595,6.49107
399.565,383.839,6.45032
397.686,379.44,6.3991
396.362,375.608,6.3572
395.236,371.996,6.31878
393.797,368.122,6.27571
392.368,364.228,6.23264
392.46,361.772,6.21401
394.016,360.67,6.21867
396.086,360.032,6.23147
398.157,359.384,6.24428
400.079,358.593,6.25475
383.925,341.704,5.98352
383.018,338.508,5.95092
381.733,335.125,5.91367
380.356,331.688,5.87525
379.196,328.296,5.83917
377.79,324.722,5.79959
376.307,321.227,5.76001
375.034,317.94,5.72392
373.437,314.407,5.68318
372.433,311.403,5.65175
371.133,308.121,5.61566
370.123,305.106,5.58423
369.329,302.292,5.55629
361.544,281.759,5.33627
360.944,279.271,5.31299
351.474,254.892,5.05456
312.157,158.024,4.07322
287.651,98.597,3.54005
284.231,83.2767,3.44809
269.797,56.167,3.20828
269.697,55.1647,3.20479
251.669,2.63556,2.93006
217.773,-66.7878,2.65184
216.775,-67.3104,2.64253
216.539,-68.0666,2.64253
216.395,-68.8524,2.64369
203.719,-98.9645,2.63671
203.372,-99.675,2.63671
203.023,-100.384,2.63671
202.671,-101.092,2.63671
202.049,-101.664,2.63321
201.97,-102.487,2.63671
195.725,-136.083,2.77523
183.803,-159.384,2.83228
183.547,-160.288,2.83693
5.25011,-36.2986,-5.59065
3.23644,-41.4932,-6.34411
3.06939,-41.1094,-6.28383
2.93649,-41.2182,-6.2989
1.52143,-41.6904,-6.35918
-0.657452,-43.2948,-6.60029
-1.38509,-42.882,-6.54001
-1.52062,-42.4818,-6.47973
-1.66113,-42.2786,-6.44959
-1.8087,-42.2726,-6.44959
-1.95255,-42.2662,-6.44959
-2.11599,-42.6542,-6.50987
-2.28585,-43.0415,-6.57015
-2.48636,-43.9215,-6.70577
-2.66544,-44.4062,-6.78112
-2.81656,-44.3969,-6.78112
-3.35028,-45.3511,-6.93181
-3.43603,-44.4524,-6.79618
-3.5434,-43.8489,-6.70577
-3.66322,-43.4422,-6.64549
-3.81484,-43.4292,-6.64549
-3.96641,-43.4156,-6.64549
-4.10483,-43.3034,-6.63042
-4.30049,-43.7811,-6.70577
-4.48946,-44.1597,-6.76605
-4.61907,-43.9475,-6.73591
-4.74728,-43.735,-6.70577
-4.9291,-44.0133,-6.75098
-5.07519,-43.8972,-6.73591
-5.22052,-43.7805,-6.72084
-5.50583,-44.8414,-6.8866
-5.67471,-44.92,-6.90167
-5.99859,-45.0773,-6.93181
-6.03932,-44.1741,-6.79618
-6.19733,-44.1522,-6.79618
-6.37183,-44.3271,-6.82632
-6.57635,-44.6969,-6.8866
-6.61066,-43.8923,-6.76605
-6.76,-43.8695,-6.76605
-8.1977,-44.9307,-6.96195
-8.30025,-44.6103,-6.91674
-8.65856,-45.6494,-7.0825
170.63,-169.562,8.40031
170.052,-170.141,8.40031
169.472,-170.719,8.40031
169.577,-172.021,8.43521
169.395,-173.041,8.45615
168.79,-173.631,8.45615
168.322,-174.363,8.46313
168.127,-175.382,8.48407
167.72,-176.185,8.49454
144.138,-226.338,9.37051
143.141,-241.029,9.78931
128.697,-262.356,10.2046
127.629,-262.433,10.1907
126.908,-263.226,10.2046
123.906,-271.259,10.414
123.782,-273.511,10.4838
114.769,-305.985,11.4121
103.654,-315.823,11.6076
50.3455,-706.677,24.7403
47.9738,-707.343,24.7577
45.3978,-706.812,24.7333
-436.218,-921.992,35.6184
-442.674,-918.577,35.608
-413.909,-843.774,32.8195
-417.206,-843.041,32.8474
-349.08,-699.23,27.2914
-351.067,-697.563,27.2705
-353.498,-696.783,27.2844
-356.004,-695.393,27.2809
-358.504,-693.995,27.2774
-360.864,-692.771,27.2774
-363.22,-691.539,27.2774
-365.618,-690.387,27.2809
-367.919,-689.05,27.2774
-370.382,-687.73,27.2774
-372.84,-686.4,27.2774
-375.282,-685.182,27.2809
-377.768,-684.043,27.2879
-379.974,-682.819,27.2879
-382.177,-681.589,27.2879
-384.712,-680.391,27.2949
-387.144,-679.01,27.2949
-389.552,-677.862,27.3019
-391.907,-676.619,27.3054
-394.468,-675.592,27.3193
-396.874,-674.297,27.3228
-399.226,-672.908,27.3228
-401.572,-671.51,27.3228
-404.069,-670.361,27.3333
-406.614,-669.288,27.3472
-408.987,-668.192,27.3577
-411.201,-666.832,27.3577
-413.79,-665.817,27.3752
-416.217,-664.538,27.3821
-418.428,-662.912,27.3752
-421.061,-661.953,27.3961
-423.312,-660.516,27.3961
-425.611,-659.156,27.3996
-428.131,-657.88,27.4101
-430.646,-656.595,27.4205
-433.154,-655.542,27.438
-435.438,-654.147,27.4415
-437.886,-652.872,27.4519
-440.274,-651.505,27.4589
-442.657,-650.251,27.4694
-445.15,-649.153,27.4868
-447.811,-648.171,27.5113
-449.9,-646.358,27.5008
-452.498,-645.274,27.5217
-455.093,-644.18,27.5427
-457.455,-642.751,27.5497
-460.045,-641.637,27.5706
-462.282,-640.028,27.5706
-465.042,-639.137,27.602
-467.448,-637.752,27.6125
-470.562,-637.322,27.6648
-471.655,-634.273,27.602
-478.82,-630.137,27.6369
-482.122,-630.133,27.7067
-482.385,-612.343,27.2216
-484.582,-610.733,27.2251
-486.792,-609.357,27.2356
-489.499,-608.596,27.274
-492.124,-607.505,27.3019
-503.848,-600.037,27.3612
-505.681,-597.969,27.3472
-508.219,-596.733,27.3717
-510.494,-595.183,27.3821
-512.569,-593.398,27.3821
-514.703,-591.68,27.3856
-517.95,-591.233,27.4485
-519.68,-589.047,27.431
-521.069,-586.482,27.3961
-525.728,-587.685,27.5357
-528.193,-586.412,27.5601
-535.692,-582.56,27.6369
-538.91,-581.766,27.6928
-540.937,-579.881,27.6928
-543.642,-578.718,27.7276
-546.621,-577.833,27.7765
-552.025,-575.445,27.8463
-561.161,-569.35,27.9161
-577.406,-561.503,28.1255
-579.866,-559.97,28.1499
-582.25,-558.358,28.1709
-595.256,-551.406,28.3349
-597.692,-549.799,28.3593
-600.567,-548.585,28.4047
428.182,462.556,22.0111
429.249,460.474,21.9832
429.993,458.136,21.9413
432.579,457.759,21.9937
418.088,433.321,21.0269
419.142,431.465,21.006
415.963,425.213,20.7722
417.235,423.545,20.7617
416.318,419.673,20.6431
416.791,417.228,20.5942
406.692,404.286,20.0253
405.469,400.266,19.8962
409.933,401.857,20.0463
398.013,387.457,19.3971
394.483,381.48,19.1633
395.169,379.616,19.1354
396.459,378.269,19.1354
399.485,378.567,19.2192
374.127,319.366,17.1775
374.602,317.574,17.1496
372.394,313.529,16.9995
371.388,310.529,16.9053
369.779,306.996,16.7832
368.843,304.051,16.6924
367.428,300.736,16.5808
366.381,297.75,16.4865
364.904,294.493,16.3748
364.032,291.749,16.2911
362.702,288.61,16.1864
361.825,285.855,16.1026
360.727,283.05,16.0119
359.772,280.377,15.9281
358.851,277.652,15.8444
357.837,274.876,15.7571
356.649,271.989,15.6629
355.604,269.234,15.5756
354.281,266.341,15.4779
353.264,263.699,15.3942
352.358,261.065,15.3139
351.599,258.559,15.2406
350.437,255.918,15.1534
349.423,253.405,15.0731
348.462,250.81,14.9928
347.324,248.11,14.9056
346.047,245.423,14.8148
345.164,243.036,14.7415
344.105,240.543,14.6613
343.116,238.116,14.5845
342.216,235.727,14.5112
340.975,233.121,14.424
339.781,230.612,14.3402
338.824,228.281,14.2669
338.02,226.071,14.2006
337.039,223.759,14.1273
336.149,221.481,14.0575
335.247,219.213,13.9877
334.315,216.982,13.9179
333.539,214.869,13.8551
332.5,212.602,13.7818
331.703,210.505,13.719
330.575,208.174,13.6422
329.774,206.066,13.5794
329.048,204.018,13.5201
328.226,201.926,13.4572
327.376,199.87,13.3944
326.43,197.771,13.3281
325.645,195.783,13.2688
324.851,193.804,13.2095
324.063,191.803,13.1501
323.007,189.659,13.0803
322.199,187.675,13.021
321.641,185.849,12.9721
320.916,183.902,12.9163
320.356,182.061,12.8674
319.565,180.213,12.8116
319.114,178.566,12.7697
318.075,176.53,12.7034
317.551,174.792,12.658
316.668,172.868,12.5987
315.776,170.953,12.5394
315.035,169.168,12.487
314.462,167.484,12.4417
313.617,165.666,12.3858
313.205,164.088,12.3474
312.889,162.533,12.3125
311.588,160.479,12.2393
311.079,158.845,12.1974
310.472,157.171,12.152
309.679,155.414,12.0997
308.967,153.709,12.0508
308.323,152.082,12.0054
307.761,150.504,11.9635
307.539,149.134,11.9356
306.681,147.464,11.8833
305.66,145.662,11.8239
305.263,144.167,11.7891
304.691,142.566,11.7472
303.839,140.844,11.6948
303.227,139.309,11.6529
302.608,137.779,11.6111
301.823,136.12,11.5622
301.67,134.754,11.5378
301.11,133.308,11.4994
299.994,131.626,11.4401
299.524,130.206,11.4052
298.864,128.711,11.3633
298.392,127.275,11.3284
297.73,125.766,11.2865
297.153,124.302,11.2481
295.979,121.39,11.1713
295.568,120.018,11.1399
294.965,118.575,11.1015
294.634,117.249,11.0736
294.122,115.828,11.0387
293.138,114.231,10.9864
292.759,112.996,10.9584
292.002,111.622,10.9166
290.988,110.071,10.8642
290.902,108.88,10.8468
290.062,107.412,10.8014
289.872,106.193,10.7805
289.302,104.84,10.7456
289.101,103.627,10.7246
286.739,98.2844,10.585
286.125,96.9871,10.5501
286.074,95.8857,10.5362
284.984,94.4151,10.4838
285.312,93.4197,10.4838
284.21,91.9618,10.4315
282.693,88.1572,10.3407
283.086,87.224,10.3442
279.071,79.6798,10.1348
279.34,78.7295,10.1348
277.538,75.1195,10.0406
276.84,73.8684,10.0057
276.323,72.6982,9.97777
276.188,71.6328,9.96381
275.462,70.4448,9.92891
275.7,69.5069,9.92891
271.67,60.5262,9.71951
271.396,59.4469,9.70206
251.411,14.8045,8.79467
250.96,13.943,8.77722
241.974,-9.29569,8.45615
241.342,-10.0941,8.43521
240.807,-10.8928,8.41776
241.466,-11.7674,8.44219
240.132,-14.2244,8.40031
238.884,-14.9875,8.35843
238.731,-15.8146,8.35494
238.774,-16.6548,8.35843
238.914,-17.5028,8.36541
227.314,-43.0746,8.07923
226.958,-43.8696,8.07225
227,-44.7002,8.07923
202.255,-107.949,8.00594
201.613,-108.512,7.99548
199.398,-108.197,7.92219
198.678,-108.683,7.90823
197.86,-109.135,7.89078
197.653,-109.922,7.89776
197.984,-110.967,7.92568
195.647,-115.038,7.92568
195.32,-115.788,7.92917
194.829,-116.418,7.92568
194.85,-117.355,7.94313
195.399,-118.571,7.98151
198.536,-137.063,8.42474
184.069,-142.624,8.13158
2.64444,-46.1431,-5.94783
1.52433,-46.1937,-5.94783
-1.18364,-46.6006,-5.99889
-1.3451,-46.6954,-6.01165
-1.50169,-46.4922,-5.98612
-1.66397,-46.4866,-5.98612
-1.83401,-46.6788,-6.01165
-2.00542,-46.8703,-6.03718
-2.1695,-46.9622,-6.04994
-2.33423,-47.0536,-6.0627
-2.49322,-46.9462,-6.04994
-2.65147,-46.8382,-6.03718
-2.82274,-47.0269,-6.0627
-2.99534,-47.2149,-6.08823
-3.1535,-47.1052,-6.07547
-3.31791,-47.094,-6.07547
-3.47817,-47.0824,-6.07547
-3.64603,-47.1692,-6.08823
-3.80267,-47.0573,-6.07547
-3.97525,-47.1426,-6.08823
-4.16582,-47.4248,-6.12652
-5.68417,-49.1644,-6.36903
-5.71911,-47.9619,-6.21587
-5.89858,-48.0401,-6.22863
-6.0538,-47.9208,-6.21587
-6.26371,-48.2939,-6.26692
-6.42383,-48.2729,-6.26692
-6.56964,-48.053,-6.24139
-6.74152,-48.0292,-6.24139
-6.90075,-48.0066,-6.24139
-7.07434,-48.0816,-6.25416
-7.44677,-48.3264,-6.29245
-7.81623,-49.5737,-6.45838
-8.07721,-49.0294,-6.39456
-8.71748,-48.7181,-6.36903
-8.88325,-48.6881,-6.36903
-9.16201,-49.2419,-6.44561
-9.42625,-49.6968,-6.50943
-10.7037,-49.8433,-6.56048
171.491,-171.581,14.1278
169.851,-171.101,14.0406
169.113,-171.551,14.0289
168.932,-172.568,14.0638
168.468,-173.3,14.0755
167.862,-173.887,14.0755
167.323,-174.544,14.0813
167.057,-175.488,14.1103
166.596,-176.201,14.122
166.405,-177.204,14.1569
165.922,-177.929,14.1685
165.435,-178.654,14.1801
165.081,-179.524,14.2034
164.925,-180.616,14.2441
164.676,-181.517,14.2731
164.423,-182.418,14.3022
164.419,-183.764,14.3603
163.834,-186.949,14.4766
163.181,-187.519,14.4766
161.938,-187.408,14.4243
161.347,-188.048,14.4301
161.337,-189.37,14.4882
160.821,-190.07,14.4999
156.596,-198.676,14.7324
156.042,-199.365,14.7441
155.651,-200.303,14.7731
151.259,-210.809,15.1103
151.12,-212.136,15.1685
150.627,-212.975,15.1917
149.654,-213.173,15.1685
147.458,-219.524,15.401
145.177,-222.829,15.4882
144.906,-224.076,15.5406
144.392,-225.001,15.5696
144.142,-226.345,15.6278
143.585,-227.172,15.651
140.08,-235.875,15.9766
139.388,-236.633,15.994
138.955,-237.697,16.0347
138.667,-239.02,16.0929
137.077,-242.233,16.2092
116.381,-285.897,17.9766
114.619,-289.938,18.1568
113.061,-295.151,18.4068
107.065,-307.968,18.9882
106.184,-308.906,19.0231
94.5851,-334.703,20.2556
93.7916,-336.377,20.337
92.7758,-337.28,20.3719
92.0161,-339.143,20.4649
91.2704,-341.102,20.5638
88.9192,-346.569,20.837
4.67057,-524.69,30.5579
2.85513,-527.698,30.7323
-2.63201,-538.581,31.366
-4.45078,-542.562,31.5986
-6.38197,-545.738,31.7846
-10.2926,-553.666,32.2497
-14.2561,-561.268,32.6974
-18.4154,-570.136,33.2206
-20.5482,-574.059,33.4532
-34.8186,-615.071,35.8776
-36.8818,-614.451,35.8485
-38.8844,-612.927,35.7671
-136.079,-791.932,46.7961
-198.522,-779.968,46.8717
-206.03,-775.953,46.7554
-213.291,-771.192,46.5984
-215.698,-769.175,46.5228
-225.584,-764.252,46.4066
-240.67,-757.542,46.2903
-247.931,-753.2,46.1798
-250.243,-751.383,46.1217
-252.546,-749.559,46.0635
-262.525,-745.064,46.0054
-264.659,-743.249,45.9473
-267.122,-742.367,45.9473
-269.712,-741.43,45.9473
-272.298,-740.484,45.9473
-279.2,-735.774,45.831
-281.767,-734.795,45.831
-284.33,-733.807,45.831
-286.526,-731.88,45.7729
-293.61,-727.991,45.7147
-295.559,-725.693,45.6333
-297.863,-724.103,45.5984
-311.416,-701.263,44.6857
-313.638,-699.834,44.6624
-315.996,-698.553,44.6508
-318.35,-697.264,44.6391
-320.679,-696.086,44.6333
-323.341,-695.625,44.674
-336.959,-686.908,44.5577
-339.045,-685.101,44.517
-341.166,-683.378,44.4822
-343.506,-682.54,44.4996
-348.203,-680.156,44.4996
-350.694,-678.875,44.4996
-352.541,-676.792,44.4415
-353.821,-673.644,44.3136
-356.532,-673.23,44.3659
-359.762,-673.774,44.4822
-364.574,-671.182,44.4822
-366.818,-669.73,44.4705
-383.477,-662.064,44.5577
-386.087,-661.239,44.5926
-388.596,-660.231,44.6159
-423.989,-641.672,44.7903
-433.189,-636.343,44.831
-435.353,-634.865,44.831
-437.906,-633.834,44.8659
-452.663,-626.71,45.0229
-454.847,-625.126,45.0229
-457.027,-623.534,45.0229
514.932,537.342,43.3426
418.976,357.65,32.0811
417.678,354.091,31.8893
415.979,350.224,31.6683
414.717,346.757,31.4823
412.776,342.693,31.2439
411.659,339.345,31.0695
410.755,336.199,30.9125
363.118,295.098,27.2498
369.325,298.061,27.6393
361.036,281.362,26.6567
354.12,273.991,26.0754
354.283,272.145,26.0172
354.913,270.665,25.994
356.333,269.786,26.0288
355.265,263.218,25.7498
351.701,258.634,25.4242
351.428,256.642,25.3428
353.247,256.178,25.4126
355.944,256.196,25.5405
352.878,252.077,25.2556
353.978,251.048,25.273
348.218,245.186,24.8021
348.069,243.313,24.7323
348.157,241.615,24.68
348.505,240.059,24.6451
345.715,236.361,24.3893
343.956,233.446,24.2091
343.507,231.437,24.1219
323.713,187.046,21.7731
323.254,185.242,21.6975
322.005,182.999,21.5696
318.871,179.821,21.3196
317.549,177.69,21.1917
316.421,175.612,21.0754
315.633,173.736,20.9824
314.836,171.868,20.8893
314.029,170.007,20.7963
313.726,168.465,20.7382
312.888,166.646,20.6452
311.865,164.741,20.5405
311.185,163.03,20.4591
310.601,161.344,20.3835
310.008,159.665,20.308
309.141,157.855,20.2149
308.443,156.144,20.1335
308.005,154.574,20.0696
307.202,152.831,19.9824
306.557,151.21,19.9068
305.904,149.596,19.8312
305.32,148.058,19.7615
304.73,146.526,19.6917
304.068,144.903,19.6161
303.308,143.243,19.5347
302.914,141.734,19.4766
302.151,140.062,19.3952
301.447,138.491,19.3196
300.917,137.009,19.2556
300.131,135.357,19.1742
299.611,133.834,19.1103
299.049,132.396,19.0463
298.39,130.922,18.9766
297.918,129.507,18.9184
297.073,127.94,18.837
296.692,126.55,18.7847
296.028,125.047,18.715
295.634,123.666,18.6626
294.865,122.137,18.587
294.458,120.766,18.5347
293.768,119.287,18.465
293.163,117.851,18.401
292.46,116.384,18.3312
291.946,114.971,18.2731
291.611,113.636,18.2266
290.766,112.226,18.151
290.194,110.93,18.0929
289.646,109.564,18.0347
289.465,108.342,17.9998
288.906,106.984,17.9417
288.059,105.529,17.8661
287.581,104.216,17.8138
287.097,102.909,17.7615
286.607,101.606,17.7091
286.018,100.274,17.651
285.423,98.9483,17.5929
285.011,97.6924,17.5464
284.681,96.4975,17.5057
284.061,95.2108,17.4475
283.633,93.9675,17.401
282.916,92.6351,17.3371
282.668,91.4626,17.3022
282.129,90.2018,17.2498
281.594,88.9212,17.1975
281.243,87.7051,17.1568
281.158,86.6298,17.1336
280.401,85.3526,17.0696
279.454,83.9997,16.994
279.076,82.8249,16.9533
278.692,81.6538,16.9126
278.017,80.4031,16.8545
277.713,79.292,16.8196
277.116,78.1026,16.7673
276.611,76.945,16.7208
276.197,75.8182,16.6801
275.6,74.5948,16.6278
275.286,73.4538,16.5929
274.672,72.2638,16.5406
274.343,71.1542,16.5057
274.003,70.0717,16.4708
273.562,68.9679,16.4301
273.22,67.8682,16.3952
272.873,66.7717,16.3603
272.42,65.6788,16.3196
271.962,64.5898,16.2789
271.505,63.481,16.2382
270.849,62.3314,16.1859
270.578,61.2753,16.1568
270.109,60.1785,16.1161
269.737,59.0835,16.0813
269.068,57.9289,16.0289
268.58,56.8681,15.9882
268.284,55.8519,15.9592
268.086,54.8351,15.9359
267.688,53.781,15.901
267.091,52.6917,15.8545
266.685,51.6451,15.8196
266.369,50.644,15.7906
265.853,49.6089,15.7499
265.141,48.5189,15.6975
264.915,47.5226,15.6743
264.301,46.4132,15.6278
263.781,45.3258,15.5871
263.445,44.322,15.558
263.007,43.3048,15.5231
262.463,42.2982,15.4824
262.112,41.327,15.4534
261.663,40.3205,15.4185
261.309,39.3326,15.3894
260.848,38.3559,15.3545
260.384,37.3828,15.3196
260.019,36.4045,15.2906
259.65,35.4291,15.2615
259.277,34.4568,15.2324
258.802,33.4747,15.1975
258.224,32.4839,15.1568
257.741,31.5097,15.122
257.552,30.5745,15.1045
257.161,29.6181,15.0754
256.966,28.6871,15.058
256.27,27.7041,15.0115
255.867,26.7798,14.9824
255.658,25.8786,14.965
255.548,24.9667,14.9534
255.336,24.0464,14.9359
254.623,23.0829,14.8894
254.702,22.1939,14.8894
254.382,21.2492,14.8661
253.66,20.2753,14.8196
253.331,19.3593,14.7964
252.501,18.4096,14.7441
252.462,17.5432,14.7382
252.023,16.651,14.7092
251.682,15.7242,14.6859
251.139,14.7884,14.651
250.788,13.9334,14.6278
250.234,13.0704,14.5929
249.68,12.1677,14.558
249.721,11.2961,14.558
249.559,10.416,14.5464
249.096,9.52576,14.5173
248.458,7.76469,14.4766
247.984,6.88349,14.4475
247.807,6.013,14.4359
247.228,5.11393,14.401
246.546,4.21741,14.3603
246.159,3.39429,14.3371
245.77,2.57379,14.3138
245.478,1.69238,14.2964
245.283,0.813403,14.2848
244.885,-0.0641082,14.2615
244.284,-0.937994,14.2266
244.08,-1.74665,14.215
243.674,-2.55183,14.1917
243.264,-3.39684,14.1685
242.851,-4.23899,14.1452
242.835,-5.08666,14.1452
242.317,-5.92211,14.1162
241.896,-6.75678,14.0929
241.571,-7.59169,14.0755
241.044,-8.41746,14.0464
241.413,-9.27412,14.0696
240.781,-10.0707,14.0348
240.845,-10.8946,14.0406
240.307,-11.7109,14.0115
240.265,-12.5497,14.0115
240.22,-13.3883,14.0115
239.474,-14.1854,13.9708
238.825,-14.9837,13.9359
238.572,-15.8041,13.9243
237.918,-16.5951,13.8894
237.361,-17.389,13.8603
237.001,-18.1739,13.8429
236.739,-18.9644,13.8313
236.473,-19.774,13.8196
236.104,-20.5734,13.8022
235.832,-21.3794,13.7906
235.557,-22.1837,13.7789
234.882,-22.9476,13.7441
234.701,-23.7573,13.7383
234.222,-24.5144,13.715
233.938,-25.2899,13.7034
233.551,-26.0731,13.6859
233.459,-26.8882,13.6859
232.969,-27.6356,13.6627
232.576,-28.392,13.6452
232.278,-29.1788,13.6336
232.076,-29.9766,13.6278
231.772,-30.7602,13.6162
231.465,-31.5422,13.6045
231.062,-32.2681,13.5871
230.757,-33.0059,13.5755
230.637,-33.8313,13.5755
230.317,-34.6266,13.5638
230.198,-35.4103,13.5638
229.287,-36.0694,13.5173
228.765,-36.8061,13.4941
228.833,-37.6368,13.5057
228.503,-38.4023,13.4941
228.171,-39.1659,13.4824
227.839,-39.9078,13.4708
227.604,-40.6654,13.465
227.563,-41.4577,13.4708
227.224,-42.1955,13.4592
227.068,-43.028,13.4592
226.32,-43.7463,13.4243
226.068,-44.5167,13.4185
225.814,-45.286,13.4127
225.369,-45.9747,13.3952
225.802,-46.8435,13.4301
223.95,-48.8291,13.3487
223.583,-49.5673,13.3371
223.307,-50.345,13.3313
222.834,-51.0767,13.3138
223.048,-51.9253,13.3371
222.481,-52.5923,13.3138
222.296,-53.3686,13.3138
221.526,-54.0023,13.279
220.954,-54.6601,13.2557
220.96,-55.4603,13.2673
220.47,-56.1766,13.2499
220.171,-56.9401,13.2441
219.981,-57.6699,13.2441
219.596,-58.3478,13.2324
219.294,-59.088,13.2266
219.568,-59.9846,13.2557
219.363,-60.7316,13.2557
218.363,-62.0786,13.2208
217.953,-62.7852,13.2092
217.541,-63.4897,13.1976
218.083,-64.4751,13.2441
216.995,-67.3787,13.2324
215.901,-67.8663,13.1801
215.568,-68.5893,13.1743
215.327,-69.3413,13.1743
214.799,-69.9997,13.1569
214.654,-70.7616,13.1627
214.128,-71.397,13.1452
213.783,-72.1121,13.1394
213.436,-72.8257,13.1336
213.186,-73.5517,13.1336
213.218,-74.3755,13.151
213.239,-75.2189,13.1685
212.787,-75.8957,13.1569
212.152,-76.484,13.1336
211.515,-77.0689,13.1103
211.533,-77.8918,13.1278
210.892,-78.4721,13.1045
210.624,-79.1893,13.1045
210.54,-79.9766,13.1162
208.085,-85.639,13.1045
207.7,-86.3084,13.0987
207.037,-86.8603,13.0755
207.008,-87.6993,13.0929
206.793,-88.4606,13.0987
206.574,-89.2215,13.1045
201.196,-102.095,13.1394
200.848,-102.779,13.1394
200.674,-103.554,13.151
200.144,-104.144,13.1394
199.779,-104.842,13.1394
199.412,-105.538,13.1394
199.218,-106.328,13.151
199.197,-107.212,13.1743
196.104,-114.364,13.2208
195.521,-114.964,13.2092
195.109,-115.663,13.2092
194.875,-116.446,13.2208
195.152,-117.537,13.2673
194.42,-117.977,13.2441
193.857,-118.517,13.2324
193.517,-119.262,13.2383
193.258,-120.059,13.2499
192.923,-120.786,13.2557
192.753,-121.618,13.2731
192.422,-122.327,13.279
192.005,-122.981,13.279
191.501,-123.58,13.2731
190.996,-124.176,13.2673
190.728,-124.952,13.279
190.458,-125.727,13.2906
190.195,-126.485,13.3022
189.929,-127.243,13.3138
189.898,-128.184,13.3429
189.449,-128.846,13.3429
185.64,-136.815,13.4301
185.722,-137.879,13.4708
185.492,-138.69,13.4883
185.816,-139.921,13.5464
184.929,-140.267,13.5173
183.883,-140.487,13.4766
183.641,-141.295,13.4941
183.317,-142.041,13.5057
180.369,-148.923,13.622
180.372,-150.014,13.6627
175.385,-160.88,13.8603
0,238.795,13.9069
3.86685,-49.5755,-5.22642
3.01574,-49.7342,-5.23688
-0.414428,-50.52,-5.31005
-0.590771,-50.5183,-5.31005
-1.29545,-51.0025,-5.36231
-1.48049,-51.3955,-5.40412
-1.83215,-51.1851,-5.38322
-2.01471,-51.2778,-5.39367
-2.56233,-51.6516,-5.43548
-2.7268,-51.3444,-5.40412
-4.63839,-52.8047,-5.57137
-4.82268,-52.7882,-5.57137
-5.02109,-52.9695,-5.59227
-5.20133,-52.9521,-5.59227
-5.35133,-52.6372,-5.56091
-5.53045,-52.6187,-5.56091
-5.7417,-52.8962,-5.59227
-5.94383,-53.074,-5.61318
-6.16795,-53.3488,-5.64454
-6.38234,-53.5239,-5.66544
-6.52065,-53.1065,-5.62363
-6.75585,-53.478,-5.66544
-6.94594,-53.554,-5.6759
-7.17597,-53.925,-5.71771
-7.32845,-53.6034,-5.68635
-7.50637,-53.4783,-5.6759
-7.74026,-53.8469,-5.71771
-9.28004,-54.0067,-5.75952
-9.50287,-54.1698,-5.78042
-17.8459,-58.1897,-6.39714
-1006.18,85.9061,-106.138
-1005.08,89.347,-106.055
-1004.17,92.7124,-105.992
-1002.47,95.9969,-105.846
-1002.13,99.4952,-105.846
-991.681,136.901,-105.218
-988.807,143.018,-105.009
-987.613,146.366,-104.936
-985.277,153.146,-104.8
-983.151,156.42,-104.633
-982.613,159.764,-104.633
-981.671,163.043,-104.591
-890.648,410.029,-103.055
169.744,-168.681,19.5356
169.38,-169.469,19.56
169.154,-170.398,19.6007
168.558,-170.988,19.6007
168.239,-171.86,19.6332
167.916,-172.732,19.6658
167.589,-173.604,19.6983
167.12,-174.332,19.7146
166.785,-175.203,19.7472
166.325,-175.914,19.7634
165.793,-176.552,19.7716
165.652,-177.64,19.8285
165.166,-178.363,19.8448
164.813,-179.232,19.8773
164.455,-180.101,19.9099
164.14,-180.926,19.9424
163.889,-181.825,19.9831
163.554,-182.796,20.0238
162.949,-183.469,20.0319
162.537,-184.233,20.0563
162.451,-185.37,20.1214
161.934,-186.087,20.1377
161.544,-186.952,20.1703
161.02,-187.666,20.1865
160.623,-188.531,20.2191
160.109,-189.229,20.2353
159.72,-190.078,20.2679
159.375,-191.017,20.3086
159.089,-192.032,20.3574
158.498,-192.649,20.3655
158.093,-193.497,20.3981
157.777,-194.525,20.4469
157.392,-195.477,20.4876
156.958,-196.336,20.5201
156.395,-197.039,20.5364
155.909,-197.805,20.5608
155.419,-198.57,20.5852
155.214,-199.741,20.6503
154.882,-200.755,20.6991
154.362,-201.532,20.7235
153.899,-202.387,20.7561
153.569,-203.387,20.8049
153.055,-204.147,20.8293
152.657,-205.067,20.87
152.492,-206.307,20.9432
151.988,-207.172,20.9758
151.364,-207.876,20.992
151.046,-208.968,21.049
150.664,-209.98,21.0978
150.122,-210.735,21.1222
149.692,-211.652,21.1629
149.296,-212.663,21.2117
148.78,-213.51,21.2443
147.731,-213.51,21.1954
147.982,-215.395,21.3338
147.472,-216.227,21.3663
147.127,-217.305,21.4233
146.607,-218.257,21.4639
146.138,-219.29,21.5128
145.811,-220.464,21.5779
145.096,-221.055,21.586
144.778,-222.216,21.6511
144.291,-223.126,21.6918
143.942,-224.299,21.7569
143.319,-225.052,21.7813
142.925,-226.129,21.8382
142.578,-227.289,21.9033
142.205,-228.462,21.9684
141.721,-229.466,22.0172
141.18,-230.384,22.0579
140.582,-231.216,22.0905
140.155,-232.291,22.1474
139.824,-233.536,22.2206
139.344,-234.635,22.2776
138.655,-235.39,22.302
138.175,-236.364,22.3508
137.891,-237.683,22.4322
137.267,-238.619,22.4729
136.886,-239.986,22.5542
136.314,-240.885,22.5949
135.835,-241.955,22.6519
135.447,-243.2,22.7251
134.859,-244.096,22.7658
134.368,-245.276,22.8309
133.87,-246.456,22.896
133.314,-247.436,22.9448
132.753,-248.416,22.9936
132.305,-249.671,23.0668
131.804,-250.837,23.1319
131.364,-252.079,23.2051
130.688,-252.879,23.2377
130.123,-253.955,23.2946
129.507,-254.941,23.3435
129.154,-256.459,23.4411
128.614,-257.622,23.5062
128.023,-258.695,23.5632
127.427,-259.766,23.6201
126.978,-261.095,23.7015
126.435,-262.244,23.7666
125.754,-263.234,23.8154
125.237,-264.583,23.8967
124.656,-265.629,23.9537
124.153,-266.854,24.0269
123.596,-268.1,24.1002
122.991,-269.255,24.1652
122.461,-270.591,24.2466
121.801,-271.653,24.3036
121.273,-273.089,24.3931
120.576,-274.16,24.45
120.105,-275.564,24.5395
119.546,-276.784,24.6128
118.907,-278.035,24.686
118.378,-279.56,24.7836
117.787,-280.89,24.865
117.073,-281.944,24.9219
116.468,-283.273,25.0033
115.854,-284.601,25.0847
115.394,-286.185,25.1904
114.74,-287.307,25.2555
114.103,-288.632,25.3369
113.385,-289.771,25.402
112.851,-291.476,25.5159
112.129,-292.716,25.5891
111.53,-294.224,25.6868
110.817,-295.451,25.76
110.271,-297.145,25.8739
109.68,-298.744,25.9797
108.976,-300.062,26.061
108.366,-301.66,26.1668
107.639,-302.872,26.24
107.005,-304.365,26.3377
106.367,-305.96,26.4435
105.655,-307.367,26.533
105.025,-308.951,26.6387
104.354,-310.441,26.7364
103.62,-311.947,26.834
102.907,-313.547,26.9398
102.116,-314.748,27.013
101.531,-316.613,27.1432
100.699,-317.924,27.2246
99.9177,-319.424,27.3222
99.1846,-321.009,27.428
98.4417,-322.592,27.5337
97.7171,-324.166,27.6395
97.0115,-325.834,27.7534
96.1546,-327.127,27.8348
95.4564,-328.992,27.965
94.7465,-330.856,28.0952
93.9163,-332.336,28.1928
93.184,-334.198,28.323
92.3869,-335.866,28.4369
91.5271,-337.341,28.5345
90.7612,-339.199,28.6647
89.9835,-341.056,28.7949
89.1939,-342.911,28.9251
88.403,-344.557,29.039
87.6511,-346.394,29.1692
86.7968,-348.253,29.2993
85.9541,-350.206,29.4377
85.1132,-351.95,29.5597
84.2382,-353.595,29.6736
83.4131,-355.634,29.8201
82.5299,-357.476,29.9503
81.6791,-359.512,30.0967
80.7716,-361.351,30.2269
79.8838,-363.181,30.3571
79.0057,-365.107,30.4954
78.0513,-367.045,30.6337
77.1044,-369.078,30.7802
76.1887,-370.998,30.9185
75.2805,-373.013,31.065
74.4176,-375.321,31.2358
73.4447,-377.137,31.366
72.4688,-379.355,31.5287
71.4414,-381.376,31.6752
70.3979,-383.191,31.8054
69.4309,-385.494,31.9762
68.414,-387.599,32.1308
67.4341,-389.996,32.3098
66.4393,-392.189,32.4726
65.4468,-394.478,32.6434
64.4075,-396.567,32.798
63.4016,-398.95,32.977
62.3146,-401.138,33.1397
61.258,-403.62,33.3269
60.1262,-405.704,33.4815
59.0664,-408.378,33.6849
57.9886,-411.049,33.8883
56.8522,-413.421,34.0673
55.6999,-415.79,34.2463
54.5832,-418.552,34.4579
53.4721,-421.207,34.6613
52.3071,-423.563,34.8403
51.1725,-426.613,35.0762
49.9021,-428.67,35.2308
48.749,-431.21,35.4261
47.5578,-433.548,35.6051
46.3283,-436.388,35.8248
45.0998,-439.422,36.0607
43.8213,-442.156,36.2723
42.4958,-444.588,36.4594
41.202,-447.112,36.6547
39.909,-449.831,36.8662
38.4542,-452.258,37.0534
37.0063,-454.979,37.2649
35.6989,-457.683,37.4765
34.4111,-460.88,37.7287
33.0407,-463.778,37.9565
31.6576,-466.771,38.1925
30.2046,-470.263,38.4691
28.6726,-472.856,38.6725
27.2868,-476.132,38.9329
25.8421,-478.708,39.1363
24.3047,-482.282,39.4211
22.7095,-485.153,39.6489
21.1748,-487.916,39.8686
19.6615,-491.67,40.1696
18.1124,-496.317,40.5439
16.6395,-504.247,41.1867
-16.2232,-563.192,45.9953
-18.4691,-571.799,46.7032
-20.4613,-571.631,46.6951
-22.5074,-572.851,46.8008
-24.5367,-573.466,46.8578
-26.5893,-575.569,47.0368
-28.6765,-578.064,47.2483
-31.3075,-589.505,48.1922
-36.2186,-603.403,49.3476
-38.2532,-602.978,49.3231
-40.6173,-606.719,49.6405
-44.1008,-625.961,51.2271
-46.2163,-625.608,51.2108
-50.7368,-627.858,51.4223
-54.8963,-651.016,53.3344
-57.3516,-652.906,53.5053
-64.3062,-678.392,55.6289
-78.0146,-696.613,57.2236
-90.2788,-757.1,62.2438
-105.157,-769.162,63.3748
-103.558,-737.789,60.8199
-106.586,-741.487,61.1535
-119.596,-776.127,64.1071
-122.677,-778.068,64.3023
-135.976,-791.331,65.5472
-138.599,-790.067,65.4821
-141.077,-788.413,65.3845
-143.688,-787.536,65.3519
-146.144,-785.462,65.2218
-148.829,-784.653,65.1974
-150.724,-780.13,64.8638
-153.282,-779.124,64.8231
-156.275,-780.663,64.9939
-158.724,-779.457,64.937
-161.33,-778.006,64.8638
-163.927,-776.546,64.7905
-166.49,-775.287,64.7336
-169.025,-773.922,64.6685
-171.443,-772.369,64.5871
-173.982,-771.393,64.5546
-250.773,-1044.55,87.6946
-254.35,-1043.78,87.7028
-191.545,-763.419,64.2535
-193.798,-761.41,64.1396
-196.205,-759.764,64.0582
-198.755,-758.689,64.0257
-220.477,-746.95,63.5782
-242.105,-735.502,63.2121
-256.665,-728.435,63.0493
-259.046,-727.486,63.0412
-261.255,-726.06,62.9924
-263.481,-724.301,62.9191
-277.998,-717.465,62.8134
-280.138,-715.562,62.732
-282.571,-714.604,62.732
-284.706,-712.898,62.6669
-287.429,-712.664,62.732
-289.477,-710.759,62.6506
-291.956,-709.744,62.6506
-294.355,-708.537,62.6344
-296.518,-706.769,62.5693
532.419,705.006,72.1215
534.815,703.19,72.1215
534.175,697.41,71.7146
533.584,681.606,70.665
528.915,666.249,69.4446
498.571,585.405,62.7727
500.222,583.207,62.7239
475.159,538.962,58.6556
475.913,536.033,58.5173
488.18,542.178,59.5588
489.199,539.511,59.453
492.242,539.168,59.5995
506.442,547.099,60.8606
507.268,540.469,60.5108
521.108,540.094,61.2674
525.655,537.344,61.3651
519.918,524.109,60.2667
521.321,521.868,60.2178
486.029,463.729,54.8397
599.546,529.874,65.3194
423.482,341.768,44.425
493.55,395.55,51.6339
417.413,320.64,42.9686
420.674,318.5,43.0743
423.11,318.084,43.2127
424.989,317.239,43.294
426.922,316.31,43.3754
341.71,211.869,32.8224
341.938,210.362,32.7736
343.248,209.56,32.8306
314.982,179.008,29.576
317.05,178.794,29.7143
318.511,178.229,29.7957
317.475,176.197,29.6411
315.818,173.838,29.4295
318.523,173.881,29.6248
321.056,173.812,29.8038
314.917,164.985,29.0227
314.872,163.563,28.9658
312.655,158.276,28.6077
311.958,156.558,28.4938
307.773,153.115,28.0626
307.22,151.537,27.965
308.361,150.797,28.0219
309.576,150.122,28.087
305.581,146.935,27.6802
305.103,145.396,27.5907
305.581,142.982,27.5419
378.07,175.254,34.0185
304.277,137.226,27.249
300.762,134.348,26.891
300.294,132.947,26.8096
299.912,131.59,26.7364
298.256,129.654,26.5492
297.139,127.968,26.4109
296.209,126.344,26.2889
296.648,125.309,26.2889
297.084,124.273,26.2889
296.042,122.625,26.1587
295.27,121.099,26.0529
294.952,119.768,25.9878
294.351,118.328,25.8983
293.836,116.932,25.8169
293.047,115.405,25.7112
292.901,114.138,25.6624
291.966,112.69,25.5484
291.584,111.462,25.4834
290.946,110.055,25.3939
292.075,109.319,25.4589
289.838,107.329,25.2311
289.368,106.008,25.1579
289.081,104.76,25.1009
288.882,103.548,25.0521
288.678,102.34,25.0033
287.998,100.968,24.9138
287.596,99.7014,24.8487
286.528,98.2121,24.7267
284.312,96.3725,24.507
282.937,94.8342,24.3605
282.32,93.5325,24.2792
281.887,92.2984,24.2141
281.259,91.007,24.1327
280.911,89.8122,24.0757
280.47,88.5665,24.0107
280.214,87.3844,23.9618
279.558,86.1367,23.8805
278.991,84.9235,23.8072
278.618,83.7483,23.7503
277.953,82.4917,23.6689
277.378,81.2687,23.5957
276.894,80.0785,23.5306
276.398,78.9167,23.4655
275.898,77.7593,23.4004
275.489,76.6329,23.3435
275.075,75.5101,23.2865
274.574,74.3172,23.2214
274.26,73.1801,23.1726
273.647,71.9941,23.0994
273.221,70.8633,23.0424
272.881,69.7848,22.9936
272.634,68.7339,22.9529
272.002,67.5655,22.8797
271.558,66.4498,22.8227
271.008,65.3384,22.7576
270.55,64.2544,22.7007
270.287,63.1962,22.66
270.02,62.1406,22.6193
269.263,60.9775,22.538
268.794,59.8855,22.481
268.422,58.7954,22.4322
267.949,57.6878,22.3752
267.656,56.6723,22.3345
267.262,55.6392,22.2857
266.576,54.5262,22.2125
266.276,53.4972,22.1718
265.874,52.4516,22.123
265.468,51.4095,22.0742
265.054,50.394,22.0254
264.539,49.3637,21.9684
264.023,48.3144,21.9115
263.503,47.2693,21.8545
263.184,46.217,21.8138
262.664,45.1339,21.7569
262.23,44.1176,21.708
261.792,43.1048,21.6592
261.347,42.1184,21.6104
261.095,41.1666,21.5779
260.646,40.1639,21.529
260.095,39.15,21.4721
259.832,38.2065,21.4395
259.468,37.2512,21.3989
258.905,36.2485,21.3419
258.536,35.2772,21.3012
258.065,34.2957,21.2524
257.689,33.3308,21.2117
257.408,32.3813,21.1792
257.025,31.4221,21.1385
256.539,30.4543,21.0897
256.05,29.4901,21.0409
255.656,28.5409,21.0002
255.358,27.6054,20.9676
254.955,26.6843,20.9269
254.647,25.7763,20.8944
254.141,24.8291,20.8456
253.73,23.8951,20.8049
253.514,22.9823,20.7805
253.096,22.054,20.7398
252.676,21.1068,20.6991
252.254,20.1629,20.6584
251.925,19.2519,20.6259
251.593,18.3434,20.5933
251.256,17.4594,20.5608
250.817,16.5713,20.5201
250.377,15.6427,20.4794
250.133,14.7292,20.455
249.783,13.8776,20.4225
249.529,13.0336,20.3981
249.075,12.1382,20.3574
248.618,11.2462,20.3167
248.257,10.3617,20.2842
247.993,9.4836,20.2598
247.726,8.60751,20.2353
247.157,7.72404,20.1865
246.684,6.84741,20.1458
246.408,5.97904,20.1214
246.228,5.09324,20.1052
245.946,4.20714,20.0808
245.46,3.38465,20.0401
244.972,2.56542,19.9994
244.68,1.68688,19.975
244.386,0.810427,19.9506
243.988,-0.0638734,19.918
243.588,-0.93532,19.8855
243.185,-1.74024,19.8529
242.779,-2.54246,19.8204
242.669,-3.38853,19.8122
242.357,-4.23035,19.7878
242.042,-5.07004,19.7634
241.524,-5.90273,19.7227
241.104,-6.73466,19.6902
240.78,-7.56682,19.6658
240.553,-8.40028,19.6495
240.123,-9.2246,19.617
239.692,-10.0251,19.5844
239.458,-10.8318,19.5682
239.12,-11.653,19.5437
238.779,-12.4721,19.5193
238.436,-13.2889,19.4949
237.99,-14.0975,19.4624
237.641,-14.9094,19.438
237.388,-15.7257,19.4217
237.133,-16.5404,19.4054
236.577,-17.3316,19.3647
236.218,-18.1138,19.3403
235.957,-18.9017,19.3241
235.79,-19.7169,19.3159
235.422,-20.5139,19.2915
235.051,-21.3086,19.2671
234.578,-22.0915,19.2346
234.301,-22.8909,19.2183
234.022,-23.6885,19.202
233.642,-24.4537,19.1776
233.26,-25.2166,19.1532
232.874,-25.9975,19.1288
232.584,-26.7874,19.1125
232.392,-27.5671,19.1044
232.099,-28.3337,19.0881
231.702,-29.1065,19.0637
231.303,-29.8768,19.0393
230.999,-30.6577,19.023
230.693,-31.437,19.0067
230.39,-32.1742,18.9905
229.986,-32.8957,18.9661
229.67,-33.6895,18.9498
229.252,-34.4666,18.9254
229.035,-35.2314,18.9172
228.717,-35.9798,18.901
228.393,-36.7462,18.8847
228.067,-37.5109,18.8684
227.738,-38.2737,18.8521
227.407,-39.0347,18.8359
227.174,-39.7913,18.8277
226.841,-40.5291,18.8115
226.506,-41.2652,18.7952
226.266,-42.0176,18.7871
225.915,-42.8095,18.7708
225.561,-43.5995,18.7545
225.309,-44.3673,18.7464
224.762,-45.0751,18.7138
224.514,-45.8003,18.7057
224.263,-46.5243,18.6976
223.913,-47.2266,18.6813
223.657,-47.9479,18.6731
223.196,-48.6647,18.6487
222.928,-49.4219,18.6406
222.555,-50.1754,18.6243
222.374,-50.9713,18.6243
221.908,-51.6601,18.5999
221.44,-52.3462,18.5755
221.256,-53.1189,18.5755
220.972,-53.8673,18.5674
220.691,-54.5951,18.5592
220.311,-55.2973,18.543
220.015,-56.0606,18.5348
219.523,-56.7726,18.5104
219.43,-57.5255,18.5186
219.238,-58.2528,18.5186
218.552,-58.8881,18.4779
218.346,-59.6507,18.4779
218.237,-60.42,18.486
217.934,-61.1355,18.4779
217.816,-61.9231,18.486
217.407,-62.6279,18.4697
216.9,-63.3026,18.4453
216.677,-64.0594,18.4453
216.464,-64.7776,18.4453
216.152,-65.4661,18.4372
215.732,-66.1618,18.4209
215.309,-66.8553,18.4046
215.075,-67.6065,18.4046
214.742,-68.3266,18.3965
214.408,-69.0452,18.3884
214.165,-69.7932,18.3884
213.643,-70.4281,18.364
213.402,-71.1548,18.364
213.152,-71.8993,18.364
212.9,-72.6428,18.364
212.651,-73.367,18.364
212.212,-74.0247,18.3477
211.952,-74.765,18.3477
211.502,-75.4374,18.3314
211.432,-76.2244,18.3477
210.89,-76.8412,18.3233
210.628,-77.5585,18.3233
210.269,-78.2401,18.3151
210.095,-78.9904,18.3233
210.197,-79.8465,18.3558
209.552,-80.4186,18.3233
209.184,-81.0953,18.3151
209,-81.8431,18.3233
208.628,-82.5173,18.3151
208.338,-83.245,18.3151
208.046,-83.9718,18.3151
207.759,-84.6793,18.3151
207.378,-85.348,18.307
207.086,-86.0533,18.307
206.792,-86.7576,18.307
206.488,-87.4789,18.307
206.273,-88.2383,18.3151
205.964,-88.9578,18.3151
205.561,-89.6364,18.307
205.437,-90.4157,18.3233
204.946,-91.0335,18.307
204.718,-91.7891,18.3151
204.396,-92.5031,18.3151
204.072,-93.2161,18.3151
203.836,-93.9696,18.3233
203.531,-94.6272,18.3233
203.225,-95.2839,18.3233
202.981,-96.0354,18.3314
202.644,-96.7433,18.3314
202.404,-97.4756,18.3396
202.071,-98.164,18.3396
201.638,-98.8249,18.3314
201.381,-99.5723,18.3396
201.121,-100.319,18.3477
200.859,-101.065,18.3558
200.602,-101.793,18.364
200.077,-102.385,18.3477
199.816,-103.111,18.3558
199.641,-103.882,18.3721
199.454,-104.671,18.3884
198.911,-105.274,18.3721
198.454,-105.92,18.364
198.347,-106.754,18.3884
198.07,-107.476,18.3965
197.878,-108.245,18.4128
197.586,-108.983,18.4209
197.117,-109.624,18.4128
196.84,-110.326,18.4209
196.56,-111.027,18.4291
196.248,-111.779,18.4372
195.76,-112.431,18.4291
195.3,-113.029,18.4209
195.182,-113.827,18.4453
194.774,-114.525,18.4453
194.534,-115.322,18.4616
194.216,-116.052,18.4697
193.895,-116.78,18.4779
193.422,-117.371,18.4697
193.371,-118.22,18.5023
193.202,-119.068,18.5267
192.69,-119.706,18.5186
192.355,-120.43,18.5267
191.934,-121.101,18.5267
191.605,-121.807,18.5348
191.273,-122.512,18.543
190.939,-123.217,18.5511
190.685,-123.974,18.5674
190.251,-124.639,18.5674
190.148,-125.522,18.5999
189.802,-126.224,18.6081
189.62,-127.036,18.6325
189.093,-127.641,18.6243
188.564,-128.244,18.6162
188.362,-129.071,18.6406
188.074,-129.841,18.6569
187.806,-130.577,18.6731
187.372,-131.199,18.6731
187.332,-132.124,18.7138
187.043,-132.876,18.7301
186.741,-133.644,18.7464
186.354,-134.353,18.7545
186.045,-135.12,18.7708
185.572,-135.769,18.7708
185.177,-136.475,18.7789
184.86,-137.239,18.7952
184.631,-138.046,18.8196
184.16,-138.674,18.8196
169.305,-168.245,25.0868
168.943,-169.031,25.1182
168.436,-169.676,25.1286
168.122,-170.546,25.1705
524.534,682.599,90.4798
524.345,614.037,84.8667
482.866,538.541,76.0236
485.829,538.149,76.2013
493.039,538.718,76.7552
500.693,532.159,76.7971
503.024,531.189,76.8911
509.2,530.247,77.2674
539.46,542.671,80.4242
541.47,537.14,80.1629
560.826,530.161,81.1141
442.118,403.851,62.9366
444.114,402.839,63.0202
445.887,401.619,63.0725
443.654,396.812,62.5603
447.49,397.44,62.9052
475.279,419.163,66.6055
477.5,395.443,65.163
479.184,394.027,65.2049
420.006,342.915,56.9889
414.584,333.811,55.9436
487.3,389.703,65.5812
499.84,393.901,66.8878
462.46,359.367,61.5568
536.539,408.068,70.8494
548.548,405.312,71.6856
548.847,402.726,71.5497
405.593,254.379,50.32
455.427,225.284,53.4036
295.16,140.974,34.3794
296.1,140.156,34.4317
295.237,138.488,34.2749
294.276,136.785,34.1076
292.854,134.884,33.8881
293.583,134.01,33.9195
296.393,134.076,34.1913
294.058,131.754,33.8672
298.254,132.355,34.2958
297.235,130.725,34.1285
295.479,128.785,33.8777
295.938,127.726,33.8777
294.655,125.924,33.6791
295.184,124.934,33.6895
296.811,124.402,33.8254
295.682,122.717,33.6477
294.545,121.042,33.47
295.681,120.364,33.5536
295.676,115.547,33.3655
295.975,114.504,33.355
295.527,113.176,33.261
293.957,111.429,33.0414
291.747,109.399,32.7488
281.227,104.308,31.5258
282.514,103.693,31.6303
747.732,271.561,83.6123
284.448,102.155,31.7662
284.155,100.904,31.693
284.693,99.9772,31.7139
285.041,98.9828,31.7139
285.949,98.181,31.7767
287.514,97.5979,31.9125
288.41,96.8087,31.9753
288.36,95.7012,31.9334
283.684,93.0513,31.3794
284.102,92.0911,31.3899
282.804,90.6078,31.2122
282.826,89.5548,31.1808
282.006,88.1861,31.0554
278.898,86.1202,30.6791
278.912,85.0591,30.6477
279.302,84.1137,30.6582
280.643,83.45,30.7732
277.116,81.3494,30.3551
276.913,80.2673,30.3028
277.663,79.4612,30.3551
276.295,76.987,30.146
275.98,75.888,30.0833
275.757,74.8181,30.031
275.158,73.5996,29.937
274.842,72.4625,29.8742
274.221,71.3015,29.7802
273.692,70.1702,29.6965
273.459,69.0688,29.6443
273.029,67.9218,29.5711
272.485,66.8028,29.4875
272.228,65.7583,29.4352
271.676,64.6472,29.3516
271.217,63.5634,29.2784
270.861,62.4585,29.2157
270.695,61.401,29.1739
269.84,60.2174,29.0589
269.66,59.1898,29.0171
269.077,58.1273,28.9335
268.393,57.0486,28.8394
268.113,55.9629,28.7871
267.829,54.88,28.7349
267.239,53.7878,28.6513
266.547,52.6811,28.5572
266.228,51.7253,28.5049
265.807,50.7535,28.4422
265.401,49.6923,28.3795
265.186,48.6707,28.3377
266.235,47.9032,28.4317
265.911,46.8872,28.3795
264.113,45.6202,28.1704
264.172,44.6814,28.16
264.028,43.7333,28.1286
263.489,42.723,28.0554
263.05,41.6866,27.9927
262.412,40.6235,27.9091
260.483,39.4177,27.6896
259.435,38.3564,27.5642
258.78,37.3369,27.4805
258.023,36.3086,27.3865
257.751,35.3762,27.3446
257.377,34.4328,27.2924
256.904,33.4571,27.2297
256.525,32.4977,27.1774
256.144,31.5413,27.1251
255.759,30.5879,27.0729
255.469,29.6491,27.0311
255.076,28.7016,26.9788
254.678,27.7793,26.9265
254.079,26.8393,26.8534
253.676,25.9017,26.8011
253.369,24.977,26.7593
252.958,24.0675,26.707
252.642,23.1701,26.6652
252.127,22.2356,26.6025
251.807,21.3218,26.5607
251.384,20.4025,26.5084
251.057,19.4941,26.4666
250.628,18.5809,26.4143
250.294,17.6779,26.3725
249.958,16.7774,26.3307
249.618,15.8796,26.2889
249.272,15.0278,26.2471
248.824,14.1728,26.1948
248.475,13.2829,26.153
248.221,12.4006,26.1217
247.964,11.5419,26.0903
247.704,10.6851,26.0589
247.244,9.77906,26.0067
246.88,8.88007,25.9649
246.511,8.00535,25.9231
246.339,7.13906,25.9022
245.865,6.26648,25.8499
245.488,5.39944,25.8081
245.107,4.57791,25.7663
244.624,3.75743,25.714
244.436,2.90117,25.6931
244.047,2.04459,25.6513
243.655,1.19073,25.6095
243.359,0.339802,25.5781
242.961,-0.508837,25.5363
242.66,-1.35528,25.5049
242.355,-2.19962,25.4736
242.048,-3.04182,25.4422
241.638,-3.85923,25.4004
241.325,-4.67582,25.3691
241.109,-5.51361,25.3482
240.79,-6.34736,25.3168
240.27,-7.15203,25.2645
239.946,-7.95982,25.2332
239.52,-8.76186,25.1914
239.19,-9.56506,25.16
238.858,-10.3661,25.1286
238.524,-11.165,25.0973
238.086,-11.9776,25.0555
237.745,-12.7926,25.0241
237.499,-13.6317,25.0032
237.151,-14.4632,24.9719
236.802,-15.2511,24.9405
236.451,-16.0367,24.9091
236.196,-16.8478,24.8882
235.838,-17.6499,24.8569
235.578,-18.437,24.836
235.217,-19.2143,24.8046
234.853,-19.9894,24.7732
234.585,-20.7711,24.7523
234.313,-21.5716,24.7314
234.038,-22.3704,24.7105
233.664,-23.1374,24.6792
233.287,-23.9021,24.6478
233.002,-24.7157,24.6269
232.517,-25.5058,24.5851
232.134,-26.2432,24.5537
231.849,-26.9898,24.5328
231.56,-27.7349,24.5119
231.27,-28.4783,24.491
230.972,-29.2604,24.4701
230.769,-30.0536,24.4597
230.367,-30.8194,24.4283
229.963,-31.5828,24.3969
229.457,-32.3298,24.3551
229.146,-33.1021,24.3342
229.029,-33.9018,24.3342
228.614,-34.6563,24.3029
228.299,-35.4037,24.282
227.98,-36.1493,24.2611
227.656,-36.9131,24.2402
227.526,-37.7075,24.2402
227.109,-38.3922,24.2088
226.788,-39.0915,24.1879
226.454,-39.8485,24.167
226.216,-40.6211,24.1565
225.877,-41.3747,24.1356
225.633,-42.1446,24.1252
225.192,-42.8762,24.0938
224.943,-43.6431,24.0834
224.789,-44.428,24.0834
224.438,-45.1731,24.0625
224.088,-45.8968,24.0415
223.736,-46.6186,24.0206
223.381,-47.3386,23.9997
223.122,-48.0776,23.9893
222.957,-48.8367,23.9893
222.498,-49.5304,23.9579
222.033,-50.2409,23.9266
221.759,-50.9933,23.9161
221.58,-51.7671,23.9161
221.301,-52.5173,23.9057
220.826,-53.2196,23.8743
220.446,-53.9428,23.8534
220.16,-54.688,23.8429
219.871,-55.4318,23.8325
219.681,-56.1798,23.8325
219.296,-56.8772,23.8116
218.909,-57.5727,23.7907
218.712,-58.3174,23.7907
218.123,-58.9766,23.7489
218.107,-59.7902,23.7698
217.802,-60.5246,23.7593
217.589,-61.2845,23.7593
217.193,-61.9511,23.7384
216.891,-62.6434,23.728
216.671,-63.4001,23.728
216.258,-64.0996,23.7071
215.837,-64.8157,23.6861
215.603,-65.5875,23.6861
215.379,-66.3209,23.6861
215.057,-67.024,23.6757
214.727,-67.7443,23.6652
214.394,-68.4632,23.6548
214.072,-69.1432,23.6443
213.936,-69.8836,23.6548
213.596,-70.5987,23.6443
213.254,-71.3123,23.6339
212.809,-72.0111,23.613
212.55,-72.7721,23.613
212.295,-73.5136,23.613
212.037,-74.2542,23.613
211.696,-74.9238,23.6025
211.259,-75.5583,23.5816
211.087,-76.3292,23.5921
210.726,-77.0314,23.5816
210.456,-77.7665,23.5816
210.183,-78.5006,23.5816
209.822,-79.1804,23.5712
209.551,-79.894,23.5712
209.185,-80.571,23.5607
208.91,-81.2825,23.5607
208.532,-81.9748,23.5503
208.245,-82.7022,23.5503
207.955,-83.4286,23.5503
207.662,-84.154,23.5503
207.389,-84.8241,23.5503
207.114,-85.4933,23.5503
206.807,-86.2338,23.5503
206.497,-86.9732,23.5503
206.192,-87.6934,23.5503
205.976,-88.4519,23.5607
205.575,-89.1308,23.5503
205.263,-89.8478,23.5503
204.948,-90.5638,23.5503
204.721,-91.3192,23.5607
204.5,-92.0562,23.5712
204.186,-92.7517,23.5712
203.869,-93.4461,23.5712
203.55,-94.1393,23.5712
203.31,-94.8914,23.5816
202.977,-95.6005,23.5816
202.659,-96.273,23.5816
202.429,-96.9875,23.5921
202.089,-97.6935,23.5921
201.925,-98.4856,23.613
201.58,-99.1898,23.613
201.144,-99.8486,23.6025
200.803,-100.533,23.6025
200.548,-101.26,23.613
200.185,-101.977,23.613
199.907,-102.738,23.6234
199.644,-103.464,23.6339
199.291,-104.143,23.6339
198.936,-104.82,23.6339
198.666,-105.543,23.6443
198.471,-106.33,23.6652
198.099,-107.022,23.6652
197.724,-107.713,23.6652
197.434,-108.451,23.6757
197.16,-109.153,23.6861
196.884,-109.855,23.6966
196.576,-110.607,23.7071
196.266,-111.359,23.7175
195.886,-112.026,23.7175
195.676,-112.791,23.7384
195.377,-113.507,23.7489
194.989,-114.171,23.7489
194.685,-114.884,23.7593
194.293,-115.546,23.7593
194.145,-116.377,23.7907
194.163,-117.311,23.8429
193.582,-117.885,23.822
193.085,-118.508,23.8116
192.839,-119.286,23.8325
192.506,-120.011,23.8429
192.181,-120.718,23.8534
191.853,-121.425,23.8638
191.606,-122.184,23.8848
191.273,-122.889,23.8952
190.843,-123.556,23.8952
190.66,-124.385,23.9266
190.225,-125.049,23.9266
189.87,-125.767,23.937
189.678,-126.595,23.9684
189.317,-127.312,23.9788
188.965,-128.011,23.9893
188.611,-128.71,23.9997
188.242,-129.424,24.0102
187.953,-130.193,24.0311
187.672,-130.946,24.052
187.632,-131.87,24.1043
187.252,-132.581,24.1147
186.788,-133.234,24.1147
186.668,-134.085,24.1565
186.383,-134.82,24.1774
186.072,-135.587,24.1983
185.518,-136.177,24.1879
185.201,-136.942,24.2088
184.882,-137.706,24.2297
184.651,-138.514,24.2611
184.337,-139.261,24.282
183.916,-139.98,24.2924
183.414,-140.637,24.2924
183.183,-141.427,24.3238
182.949,-142.217,24.3551
182.608,-142.977,24.376
182.186,-143.675,24.3865
181.839,-144.434,24.4074
181.567,-145.254,24.4388
181.226,-145.996,24.4597
180.96,-146.8,24.491
180.523,-147.494,24.5015
180.238,-148.313,24.5328
179.872,-149.068,24.5537
179.503,-149.822,24.5746
179.221,-150.624,24.606
178.859,-151.362,24.6269
178.481,-152.114,24.6478
178.326,-153.06,24.7001
177.941,-153.812,24.721
177.628,-154.628,24.7523
177.237,-155.378,24.7732
176.843,-156.127,24.7942
176.533,-156.927,24.8255
176.221,-157.725,24.8569
175.877,-158.555,24.8882
175.455,-159.317,24.9091
175.059,-160.047,24.93
174.733,-160.844,24.9614
174.389,-161.656,24.9928
174.115,-162.535,25.0346
173.705,-163.263,25.0555
173.293,-163.99,25.0764
172.936,-164.8,25.1077
172.575,-165.609,25.1391
172.282,-166.487,25.1809
171.913,-167.295,25.2123
171.47,-168.033,25.2332
171.095,-168.84,25.2645
170.787,-169.717,25.3063
170.404,-170.523,25.3377
170.033,-171.314,25.3691
169.658,-172.104,25.4004
169.265,-172.908,25.4318
168.938,-173.784,25.4736
168.607,-174.658,25.5154
168.134,-175.389,25.5363
167.757,-176.162,25.5677
167.445,-177.006,25.6095
167.031,-177.807,25.6408
166.68,-178.68,25.6826
166.243,-179.494,25.714
165.734,-180.234,25.7349
165.388,-181.091,25.7767
165.171,-182.095,25.8394
164.735,-182.892,25.8708
164.36,-183.762,25.9126
163.932,-184.544,25.944
163.632,-185.474,25.9962
163.164,-186.282,26.0276
162.823,-187.24,26.0799
162.38,-188.019,26.1112
161.998,-188.872,26.153
161.612,-189.726,26.1948
161.158,-190.502,26.2262
160.795,-191.458,26.2785
160.364,-192.338,26.3203
159.899,-193.113,26.3516
159.556,-194.04,26.4039
159.175,-194.995,26.4562
158.79,-195.949,26.5084
158.354,-196.812,26.5502
157.79,-197.519,26.5711
157.505,-198.509,26.6339
157.092,-199.342,26.6757
156.702,-200.281,26.7279
156.307,-201.22,26.7802
155.829,-202.093,26.822
155.407,-203.044,26.8743
154.956,-203.888,26.9161
154.561,-204.811,26.9683
154.125,-205.761,27.0206
153.744,-206.79,27.0833
153.275,-207.632,27.1251
152.921,-208.634,27.1879
152.601,-209.729,27.261
152.043,-210.503,27.2924
151.578,-211.449,27.3446
151.167,-212.477,27.4074
150.787,-213.477,27.4701
150.345,-214.396,27.5223
149.653,-215.001,27.5328
148.845,-215.441,27.5223
148.935,-217.189,27.6791
148.512,-218.201,27.7419
148.084,-219.213,27.8046
147.65,-220.224,27.8673
147.23,-221.222,27.93
146.75,-222.137,27.9823
146.356,-223.23,28.0554
145.901,-224.239,28.1182
145.441,-225.248,28.1809
144.869,-226.09,28.2227
144.432,-227.194,28.2959
143.937,-228.214,28.3586
143.39,-229.027,28.4004
143.05,-230.177,28.484
142.559,-231.183,28.5467
142.062,-232.188,28.6094
141.644,-233.375,28.6931
141.167,-234.477,28.7662
140.653,-235.481,28.8289
140.135,-236.484,28.8917
139.712,-237.657,28.9753
139.182,-238.659,29.038
138.817,-239.906,29.1321
138.297,-240.894,29.1948
137.673,-241.709,29.2366
137.339,-243.042,29.3411
136.781,-244.041,29.4039
136.46,-245.473,29.5188
135.869,-246.482,29.5816
135.273,-247.49,29.6443
134.834,-248.748,29.7383
134.342,-249.918,29.822
133.793,-250.889,29.8847
133.379,-252.122,29.9788
132.753,-253.126,30.0415
132.214,-254.305,30.1251
131.668,-255.484,30.2087
131.115,-256.662,30.2923
130.645,-257.905,30.3864
130.034,-258.882,30.4491
129.484,-260.046,30.5328
128.972,-261.299,30.6268
128.498,-262.529,30.7209
128.018,-263.759,30.815
127.352,-264.854,30.8882
126.68,-265.948,30.9613
126.179,-267.176,31.0554
125.756,-268.583,31.1704
125.064,-269.674,31.2436
124.407,-270.853,31.3272
123.855,-272.09,31.4213
123.296,-273.326,31.5153
122.788,-274.753,31.6303
122.15,-275.908,31.7139
121.594,-277.131,31.808
121.071,-278.445,31.9125
120.546,-279.972,32.038
119.895,-281.225,32.132
119.26,-282.467,32.2261
118.619,-283.707,32.3202
118.084,-285.222,32.4456
117.428,-286.461,32.5397
116.826,-287.78,32.6442
116.217,-289.099,32.7488
115.685,-290.704,32.8847
114.961,-291.846,32.9683
114.354,-293.152,33.0728
113.847,-294.736,33.2087
113.147,-296.07,33.3132
112.439,-297.404,33.4177
111.844,-298.902,33.5432
111.31,-300.587,33.6895
110.61,-302.01,33.8045
109.901,-303.433,33.9195
109.177,-304.751,34.024
108.477,-306.161,34.139
107.797,-307.561,34.254
107.173,-309.148,34.3899
106.539,-310.734,34.5258
105.864,-312.225,34.6512
105.181,-313.715,34.7766
104.488,-315.204,34.9021
103.762,-316.804,35.0379
103.056,-318.498,35.1843
102.305,-319.889,35.2993
101.575,-321.373,35.4247
100.81,-322.969,35.5606
99.9761,-324.373,35.6756
99.3055,-326.034,35.8219
98.5678,-327.505,35.9473
97.8206,-329.181,36.0937
97.1189,-331.048,36.2609
96.4067,-332.809,36.4177
95.7657,-334.857,36.6059
94.9768,-336.425,36.7418
94.205,-338.087,36.8881
93.525,-340.236,37.0867
92.7272,-342,37.2435
91.8668,-343.571,37.3794
91.0473,-345.332,37.5362
90.2719,-347.18,37.7034
89.5591,-349.316,37.902
88.7714,-351.466,38.1006
88.3296,-355.063,38.456
87.7202,-357.672,38.7069
87.7021,-362.794,39.2295
86.3746,-362.703,39.1877
85.5258,-364.641,39.3654
84.5337,-366.302,39.5118
71.5704,-430.689,45.888
69.8967,-429.654,45.7521
65.6462,-412.609,43.9124
66.7578,-429.247,45.658
65.4237,-430.056,45.7207
71.2106,-478.767,50.874
61.2377,-421.83,44.8009
56.4255,-430.627,45.6476
54.6072,-428.054,45.3549
52.7573,-425.68,45.0831
50.8775,-422.904,44.7695
51.6927,-442.036,46.7765
49.0417,-445.64,47.1214
47.2857,-443.93,46.9228
45.8766,-445.077,47.0274
44.2437,-460.331,48.6057
42.9117,-463.454,48.9193
41.3924,-463.792,48.9402
39.9563,-465.115,49.0657
36.0172,-501.24,52.8182
34.3548,-501.356,52.8182
31.8186,-488.07,51.4071
30.0536,-487.185,51.3026
28.4684,-489.273,51.5116
26.7332,-488.873,51.4594
25.1027,-490.453,51.6162
23.7939,-498.085,52.4106
-0.26503,-607.553,63.8564
-2.4504,-610.433,64.1596
-4.51113,-615.394,64.6822
-11.2824,-627.541,65.9679
-20.0915,-816.255,85.8179
-18.1814,-648.87,68.2257
-39.0159,-746.962,78.6159
-41.5578,-746.825,78.6159
-65.0146,-749.142,79.034
-67.5933,-748.514,78.9922
-133.793,-799.517,85.2011
-247.138,-1049.56,113.33
55.7056,0.0777815,-3.24416
3.99541,-68.6673,-4.00578
3.72299,-68.0828,-3.9709
0.465865,-71.1779,-4.14531
-0.0310503,-71.1794,-4.14531
-0.764175,-71.7743,-4.1802
-2.28284,-72.641,-4.23252
-2.52593,-72.3333,-4.21508
-2.78607,-72.5235,-4.22671
-3.06429,-73.1118,-4.26159
-3.31949,-73.1007,-4.26159
-3.58774,-73.4878,-4.28485
-3.81178,-72.9767,-4.25578
-5.65185,-73.9587,-4.31973
-7.9543,-76.2564,-4.46508
-8.16032,-75.7326,-4.43601
-8.39596,-75.5059,-4.42438
-8.67562,-75.6753,-4.43601
-8.97487,-75.9419,-4.45345
-9.23992,-75.9101,-4.45345
-10.5005,-77.3583,-4.54647
-10.6949,-76.8277,-4.5174
-10.9845,-76.9886,-4.52903
-11.2676,-77.0485,-4.53484
-11.6992,-78.0948,-4.5988
-11.9732,-78.1542,-4.60461
-12.2632,-78.3113,-4.61624
-12.5365,-78.268,-4.61624
-12.8419,-78.4208,-4.62787
-13.8614,-79.4634,-4.69763
-14.0793,-79.1209,-4.68019
-14.4981,-79.8571,-4.7267
-15.0483,-79.7552,-4.7267
-850.095,-447.256,-55.9414
-850.777,-444.019,-55.889
575.566,688.125,115.447
572.027,679.183,114.272
496.582,561.679,96.48
492.538,553.201,95.3185
493.274,550.149,95.0887
494.479,547.731,94.9611
489.357,534.694,93.2763
485.998,527.41,92.2935
487.477,525.231,92.2169
486.644,520.586,91.7064
488.798,519.517,91.7957
491.292,518.8,91.9489
492.415,516.365,91.8213
500.741,521.439,93.0338
494.682,507.982,91.2469
495.713,505.588,91.1193
496.386,502.839,90.9278
498.558,501.525,91.0044
500.095,499.571,90.9661
559.395,547.227,100.705
549.533,526.615,97.9478
580.633,552.64,103.155
568.711,523.14,99.4411
563.065,514.329,98.1392
440.484,399.546,76.5305
438.265,394.754,75.9051
438.605,392.296,75.7264
440.639,391.355,75.8412
442.523,390.274,75.9306
459.517,402.489,78.6109
456.244,396.887,77.8196
464.723,401.492,79.0321
464.505,398.551,78.7641
454.343,387.086,76.8113
456.07,385.818,76.8751
456.315,380.592,76.4667
465.203,385.26,77.7302
458.651,369.292,75.7774
457.224,362.977,75.1265
457.118,360.233,74.8967
459.122,359.287,75.0244
469.897,365.147,76.5815
470.698,363.141,76.5049
469.836,359.867,76.1603
520.398,395.792,84.1376
481.881,361.215,77.5005
514.443,382.756,82.5166
522.809,386.293,83.6526
485.144,355.983,77.4367
488.984,353.575,77.6537
490.457,352.04,77.692
491.683,350.325,77.692
404.168,255.504,61.5333
455.091,229.086,65.5666
459.316,225.265,65.8346
375.888,177.922,53.5177
448.626,191.725,62.7841
675.551,237.237,92.1403
365.625,124.113,49.6886
366.421,122.994,49.7397
426.067,139.754,57.7042
425.043,137.777,57.5
426.076,136.511,57.5765
723.569,217.907,97.2458
722.423,214.815,96.9905
721.265,211.733,96.7352
720.077,208.725,96.48
283.298,81.0738,37.9206
717.394,202.597,95.9311
716.568,199.665,95.7269
715.331,196.699,95.4716
268.882,72.9527,35.8529
269.237,72.0158,35.8657
269.013,70.9256,35.8019
268.389,69.785,35.687
269.105,68.9944,35.7508
268.196,67.7397,35.5976
269.303,66.9951,35.7125
269.048,65.9601,35.6487
268.885,64.9509,35.5976
269.684,64.1732,35.6742
279.826,63.4721,36.9251
278.981,62.2573,36.7847
278.906,61.2193,36.7464
279.301,60.336,36.7719
280.47,59.6157,36.8995
650.307,135.738,85.4905
649.731,133.134,85.3501
268.944,54.131,35.3041
266.31,52.6342,34.9339
268.134,52.0956,35.1509
267.618,51.0993,35.0616
268.872,50.3423,35.202
389.138,71.4201,50.914
389.482,70.0789,50.9267
265.313,44.8743,34.6276
264.583,43.8252,34.5127
261.993,40.5587,34.1171
262.031,39.6519,34.1043
261.184,38.6148,33.9767
261.121,37.6746,33.9511
260.465,36.6523,33.849
267.466,36.7097,34.7425
260.708,34.8785,33.849
260.435,33.917,33.798
260.945,33.0576,33.849
260.37,32.0617,33.7597
257.231,30.764,33.3385
259.011,30.0602,33.5555
258.622,29.1005,33.4917
664.447,72.4754,86.0138
664,70.1407,85.9245
256.926,25.3276,33.2236
256.122,24.3685,33.1087
255.808,23.4604,33.0577
257.469,22.7067,33.2619
252.382,20.4835,32.5854
249.782,19.3951,32.2408
253.93,17.0441,32.7514
253.691,16.1387,32.7131
253.743,15.2973,32.7131
259.236,12.9509,33.4023
258.684,12.0409,33.3257
249.013,10.7415,32.0749
248.753,9.83874,32.0366
248.092,8.92369,31.9473
247.527,8.03833,31.8707
247.058,7.1599,31.8069
246.883,6.29242,31.7813
246.606,5.42404,31.743
246.226,4.59881,31.692
245.645,3.77312,31.6154
245.359,2.91212,31.5771
245.269,2.05482,31.5644
243.787,1.19137,31.3729
244.087,0.340818,31.4112
243.888,-0.510778,31.3857
243.587,-1.36046,31.3474
243.482,-2.20985,31.3346
243.076,-3.05475,31.2836
243.064,-3.88201,31.2836
242.851,-4.70539,31.258
242.536,-5.54625,31.2197
241.821,-6.37455,31.1304
241.302,-7.18277,31.0666
241.277,-8.00397,31.0666
240.851,-8.81058,31.0155
240.325,-9.61042,30.9517
240.29,-10.4283,30.9517
239.659,-11.2182,30.8751
239.718,-12.0597,30.8879
243.14,-13.0829,31.3346
238.834,-13.7084,30.7858
238.289,-14.5326,30.722
238.04,-15.3308,30.6964
237.887,-16.1341,30.6837
237.236,-16.9221,30.6071
236.879,-17.7278,30.5688
236.718,-18.5262,30.556
236.456,-19.3156,30.5305
236.29,-20.1118,30.5177
235.726,-20.8721,30.4539
235.158,-21.6494,30.3901
234.982,-22.4607,30.3773
234.609,-23.231,30.3391
234.627,-24.0394,30.3518
234.342,-24.8578,30.3263
234.153,-25.6853,30.3135
233.968,-26.4505,30.3008
233.682,-27.2033,30.2752
233.492,-27.9662,30.2625
233.103,-28.704,30.2242
232.706,-29.4801,30.1859
232.405,-30.2666,30.1604
232.101,-31.0513,30.1348
231.795,-31.8344,30.1093
231.289,-32.588,30.0582
230.585,-33.31,29.9817
229.585,-33.984,29.8668
228.68,-34.6663,29.7647
227.973,-35.3532,29.6881
227.361,-36.0512,29.6243
226.94,-36.797,29.586
226.713,-37.5727,29.5732
226.395,-38.2715,29.5477
226.074,-38.9685,29.5222
225.644,-39.7059,29.4839
225.211,-40.4407,29.4456
225.068,-41.2266,29.4456
224.826,-41.9938,29.4328
224.58,-42.7597,29.4201
224.235,-43.5056,29.3945
223.79,-44.2304,29.3563
223.537,-44.9917,29.3435
223.188,-45.7124,29.318
223.031,-46.4718,29.318
222.678,-47.1894,29.2924
222.322,-47.9053,29.2669
222.061,-48.6404,29.2541
221.7,-49.3528,29.2286
221.527,-50.1264,29.2286
221.06,-50.8326,29.1903
220.785,-51.5814,29.1776
220.507,-52.3289,29.1648
220.13,-53.0518,29.1393
219.944,-53.8199,29.1393
219.658,-54.5634,29.1265
219.274,-55.2813,29.101
218.989,-56.0027,29.0882
218.701,-56.7228,29.0755
218.41,-57.4415,29.0627
218.118,-58.159,29.0499
217.722,-58.8682,29.0244
217.42,-59.6016,29.0116
217.21,-60.3602,29.0116
216.998,-61.1181,29.0116
216.604,-61.7829,28.9861
216.112,-62.4183,28.9478
215.797,-63.1444,28.9351
215.575,-63.8973,28.9351
215.156,-64.6111,28.9095
214.828,-65.3517,28.8968
214.51,-66.0532,28.884
214.189,-66.7534,28.8712
213.86,-67.4708,28.8585
213.718,-68.2471,28.8712
213.396,-68.9249,28.8585
212.977,-69.5706,28.8329
212.733,-70.3136,28.8329
212.487,-71.0558,28.8329
212.231,-71.8156,28.8329
211.785,-72.5102,28.8074
211.343,-73.1842,28.7819
211.18,-73.9542,28.7947
210.934,-74.6541,28.7947
210.685,-75.3532,28.7947
210.327,-76.0544,28.7819
209.967,-76.7541,28.7691
209.605,-77.4521,28.7564
209.334,-78.1833,28.7564
209.252,-78.9654,28.7819
208.889,-79.6417,28.7691
208.432,-80.2809,28.7436
208.065,-80.9539,28.7308
207.873,-81.7159,28.7436
207.587,-82.441,28.7436
207.114,-83.0913,28.7181
206.914,-83.851,28.7308
206.643,-84.5186,28.7308
206.369,-85.1854,28.7308
206.063,-85.9232,28.7308
205.754,-86.66,28.7308
205.359,-87.3388,28.7181
205.144,-88.0943,28.7308
204.835,-88.8098,28.7308
204.615,-89.5641,28.7436
204.21,-90.2377,28.7308
203.894,-90.95,28.7308
203.673,-91.6841,28.7436
203.36,-92.3767,28.7436
203.135,-93.1096,28.7564
202.817,-93.8004,28.7564
202.398,-94.4659,28.7436
202.157,-95.2141,28.7564
201.84,-95.8839,28.7564
201.61,-96.5956,28.7691
201.272,-97.2987,28.7691
200.842,-97.9572,28.7564
200.766,-98.7891,28.7947
200.331,-99.4452,28.7819
200.169,-100.215,28.8074
199.738,-100.851,28.7947
199.376,-101.565,28.7947
199.011,-102.278,28.7947
198.75,-103,28.8074
198.486,-103.722,28.8202
198.044,-104.351,28.8074
197.688,-105.024,28.8074
197.408,-105.76,28.8202
197.212,-106.543,28.8457
196.839,-107.231,28.8457
196.55,-107.965,28.8585
196.191,-108.616,28.8585
195.916,-109.315,28.8712
195.697,-110.112,28.8968
195.388,-110.861,28.9095
195.096,-111.574,28.9223
194.715,-112.237,28.9223
194.332,-112.899,28.9223
194.203,-113.711,28.9606
193.9,-114.421,28.9733
193.595,-115.131,28.9861
193.362,-115.908,29.0116
193.296,-116.788,29.0627
193.141,-117.616,29.101
192.56,-118.186,29.0755
192.062,-118.805,29.0627
191.731,-119.528,29.0755
191.407,-120.232,29.0882
191.08,-120.936,29.101
190.835,-121.692,29.1265
190.503,-122.395,29.1393
190.075,-123.059,29.1393
189.893,-123.884,29.1776
189.625,-124.655,29.2031
189.189,-125.316,29.2031
188.833,-126.031,29.2159
188.556,-126.8,29.2414
188.206,-127.497,29.2541
188.017,-128.304,29.2924
187.731,-129.072,29.318
187.361,-129.783,29.3307
186.918,-130.42,29.3307
186.635,-131.17,29.3563
186.419,-131.992,29.3945
186.2,-132.815,29.4328
185.919,-133.547,29.4584
185.556,-134.221,29.4711
185.407,-135.102,29.5222
184.854,-135.689,29.5094
184.619,-136.511,29.5477
184.22,-137.214,29.5605
183.832,-137.899,29.5732
183.599,-138.704,29.6115
183.18,-139.42,29.6243
182.759,-140.134,29.6371
182.45,-140.861,29.6626
182.139,-141.587,29.6881
181.8,-142.344,29.7136
181.457,-143.101,29.7392
181.19,-143.918,29.7775
180.841,-144.674,29.803
180.502,-145.413,29.8285
180.237,-146.214,29.8668
179.879,-146.968,29.8923
179.595,-147.784,29.9306
179.154,-148.473,29.9434
178.711,-149.161,29.9561
178.43,-149.96,29.9944
178.222,-150.823,30.0455
177.921,-151.637,30.0838
177.616,-152.451,30.1221
177.308,-153.264,30.1604
176.847,-153.947,30.1731
176.457,-154.694,30.1986
176.139,-155.506,30.2369
175.831,-156.303,30.2752
175.446,-157.033,30.3008
175.104,-157.858,30.3391
174.759,-158.684,30.3773
174.437,-159.479,30.4156
174.039,-160.206,30.4412
173.625,-160.947,30.4667
173.352,-161.823,30.5177
172.945,-162.548,30.5433
172.678,-163.408,30.5943
172.322,-164.215,30.6326
171.891,-164.953,30.6581
171.528,-165.759,30.6964
171.162,-166.564,30.7347
170.792,-167.369,30.773
170.56,-168.312,30.8368
170.042,-168.977,30.8496
169.731,-169.85,30.9006
169.501,-170.778,30.9645
169.198,-171.637,31.0155
168.667,-172.297,31.0283
168.341,-173.169,31.0793
167.942,-173.97,31.1176
167.608,-174.842,31.1687
167.165,-175.54,31.1942
166.786,-176.31,31.2325
166.305,-177.035,31.258
165.957,-177.905,31.3091
165.656,-178.861,31.3729
165.284,-179.745,31.424
164.872,-180.526,31.4622
164.39,-181.233,31.4878
164.088,-182.174,31.5516
163.716,-183.042,31.6026
163.355,-183.894,31.6537
162.991,-184.747,31.7048
162.525,-185.553,31.743
162.185,-186.507,31.8069
161.874,-187.433,31.8707
161.493,-188.284,31.9217
161.044,-189.059,31.96
160.72,-189.985,32.0238
160.295,-190.863,32.0749
159.865,-191.74,32.126
159.591,-192.741,32.2025
159.06,-193.436,32.2281
158.618,-194.311,32.2791
158.234,-195.263,32.3429
157.8,-196.123,32.394
157.486,-197.138,32.4706
157.078,-197.97,32.5216
156.604,-198.723,32.5599
156.277,-199.737,32.6365
155.822,-200.595,32.6875
155.406,-201.544,32.7514
154.985,-202.492,32.8152
154.535,-203.335,32.8662
154.201,-204.334,32.9428
153.766,-205.282,33.0066
153.326,-206.228,33.0705
152.918,-207.148,33.1343
152.447,-207.987,33.1853
152.128,-209.08,33.2747
151.63,-209.931,33.3257
151.224,-210.956,33.4023
150.756,-211.9,33.4661
150.32,-212.817,33.5299
149.823,-213.652,33.581
148.906,-213.929,33.5427
148.328,-214.692,33.581
148.25,-216.19,33.7342
147.997,-217.445,33.849
147.681,-218.617,33.9511
147.359,-219.791,34.0533
146.995,-220.869,34.1426
146.57,-221.864,34.2192
145.904,-222.54,34.2447
145.505,-223.63,34.3341
145.1,-224.72,34.4234
145.438,-226.979,34.6914
145.796,-229.339,34.9722
145.292,-230.363,35.0488
144.79,-231.264,35.1126
144.389,-232.332,35.202
143.994,-233.51,35.3041
143.437,-234.434,35.3679
142.751,-235.2,35.4062
142.267,-236.304,35.4955
141.543,-236.97,35.5211
141.018,-237.975,35.5976
141.946,-241.458,36.0444
141.052,-241.866,36.0316
139.682,-241.401,35.8912
139.156,-242.391,35.9678
138.575,-243.294,36.0316
138.137,-244.455,36.1337
137.38,-245.109,36.1592
137.005,-246.453,36.2869
136.458,-247.55,36.3762
135.952,-248.733,36.4783
135.461,-249.904,36.5804
134.869,-250.899,36.657
134.457,-252.133,36.7719
133.898,-253.103,36.8485
133.591,-254.722,37.0144
132.816,-255.463,37.0527
132.264,-256.642,37.1548
131.751,-257.908,37.2697
131.276,-259.151,37.3845
130.838,-260.483,37.5122
130.326,-261.737,37.6271
129.763,-262.902,37.7292
129.283,-264.133,37.844
128.709,-265.184,37.9334
128.166,-266.548,38.061
127.615,-267.912,38.1887
127.107,-269.141,38.3035
126.466,-270.099,38.3801
125.809,-271.281,38.4822
125.352,-272.912,38.6481
124.711,-273.969,38.7375
124.063,-275.025,38.8268
123.547,-276.452,38.9672
122.983,-277.789,39.0949
122.46,-279.103,39.2225
121.85,-280.235,39.3246
121.121,-281.307,39.414
120.736,-283.199,39.6182
119.901,-283.984,39.6692
119.292,-285.316,39.7969
118.674,-286.647,39.9245
118.162,-288.252,40.0904
118.076,-290.858,40.3968
137.21,-341.32,47.3401
117.278,-294.706,40.818
115.158,-292.345,40.435
114.44,-293.373,40.5244
135.767,-351.483,48.4889
136.881,-358.174,49.344
135.318,-357.919,49.2419
133.96,-358.006,49.1909
112.798,-304.607,41.8008
111.981,-305.754,41.9029
130.679,-360.799,49.3823
109.683,-306.164,41.8518
109.673,-309.537,42.2602
108.816,-310.47,42.3368
107.921,-311.307,42.4006
106.861,-311.672,42.4006
105.641,-311.565,42.3368
110.822,-330.542,44.864
109.509,-330.352,44.7874
108.265,-330.553,44.7619
104.792,-323.861,43.8046
104.504,-326.767,44.1493
103.063,-326.08,44.0089
102.043,-326.92,44.0727
101.253,-328.515,44.2386
100.163,-328.849,44.2386
100.758,-334.783,44.9916
157.224,-529.082,71.0294
99.2284,-338.238,45.3618
145.467,-508.645,68.081
96.713,-342.575,45.8085
95.786,-343.762,45.9234
97.2931,-353.944,47.238
96.2387,-354.952,47.3274
135.812,-507.921,67.6598
93.1263,-353.218,47.0083
91.4994,-351.901,46.7913
90.7445,-353.939,47.0211
129.65,-513.314,68.132
88.1376,-354.291,46.9828
87.0568,-354.966,47.0338
88.2096,-364.894,48.3102
125.338,-526.32,69.6254
88.804,-378.618,50.046
87.4042,-378.74,50.0205
86.334,-380.308,50.1864
122.572,-566.918,74.6415
120.448,-566.663,74.5521
79.3702,-379.593,49.9056
76.6926,-379.839,49.8673
101.678,-575.467,75.2031
68.4601,-430.295,56.0704
76.5295,-492.078,64.086
74.9121,-492.427,64.0987
71.1777,-478.546,62.2608
69.4784,-478.595,62.2353
67.8907,-479.424,62.3118
58.3492,-653.789,84.4694
31.7782,-581.132,74.8967
29.3146,-717.381,92.3956
14.9247,-737.07,94.8718
4.92373,-752.28,96.8118
1.9648,-625.439,80.4872
-12.1914,-678.098,87.2774
-32.9605,-631.029,81.3168
-35.1133,-631.012,81.3296
-37.4128,-633.463,81.6614
-39.983,-639.965,82.5166
-60.2558,-667.26,86.218
-61.9175,-659.936,85.2991
-226.242,-1006.78,132.792
-231.61,-1013.7,133.813
-238.4,-1027.71,135.766
82.733,37.7646,-3.17585
276.407,-46.726,-9.78931
250.73,-101.607,-9.44729
0.532433,-81.3487,-2.84082
-1.20142,-83.9402,-2.93156
-1.50187,-83.5356,-2.9176
-6.75846,-92.6973,-3.24565
-8.86885,-94.527,-3.31545
-9.4784,-93.9656,-3.298
-10.6472,-95.7511,-3.36431
-10.9502,-95.5158,-3.35733
-11.81,-97.0243,-3.41317
-12.1401,-96.9835,-3.41317
-12.5211,-97.3382,-3.42713
-12.9001,-97.5911,-3.4376
-13.2944,-97.9416,-3.45156
-13.6552,-98.0937,-3.45854
-14.5915,-99.7772,-3.52136
-15.6317,-99.8219,-3.52834
-16.1539,-100.852,-3.56673
-861.926,-427.489,-33.5977
-865.206,-425.359,-33.6675
-910.217,-401.643,-34.7424
-919.419,-398.059,-34.9867
-922.64,-395.635,-35.0565
-940.587,533.677,-37.7647
524.734,573.349,118.474
530.701,575.922,119.378
491.266,522.14,109.281
488.896,512.675,107.985
486.438,506.544,107.051
487.584,504.203,106.916
490.1,503.277,107.081
490.703,500.477,106.84
491.847,498.241,106.72
495.256,498.204,107.081
496.083,495.564,106.885
504.496,493.522,107.579
508.839,494.306,108.136
515.143,497.034,109.116
525.507,496.773,110.231
527.022,494.733,110.186
528.962,493.093,110.231
530.449,491.202,110.201
533.676,490.912,110.532
536.627,490.18,110.788
540.751,490.495,111.286
576.754,512.246,117.585
477.22,398.028,94.7247
478.911,396.612,94.7849
462.447,377.566,91.0026
463.148,375.452,90.882
462.62,372.488,90.5354
463.235,370.458,90.4149
476.868,378.571,92.8109
480.083,378.331,93.1725
486.55,378.087,93.926
489.745,377.836,94.2876
493.651,378.108,94.7849
507.761,386.18,97.2412
435.517,248.465,76.4307
436.704,247.176,76.491
435,244.16,76.0389
434.661,241.929,75.8279
431.892,238.565,75.2101
432.66,237.169,75.2101
432.704,235.233,75.0745
433.261,233.58,75.0293
433.115,231.553,74.8635
434.881,230.55,75.0293
434.809,228.57,74.8786
446.211,232.58,76.702
460.358,235.78,78.8418
463.911,235.559,79.3089
464.642,233.894,79.2938
465.201,230.119,79.113
463.23,227.184,78.6459
447.73,217.696,75.8882
458.64,221.024,77.6061
375.555,179.372,63.4411
376.805,178.356,63.5466
445.446,208.946,74.9991
455.693,209.885,76.4759
457.844,208.989,76.717
461.525,208.774,77.2143
465.336,208.496,77.7267
447.29,193.05,74.2608
447.887,191.41,74.2457
654.06,245.259,106.479
656.787,243.605,106.78
659.932,242.219,107.157
664.005,241.153,107.684
667.841,239.845,108.166
671.21,238.347,108.573
672.411,236.134,108.633
688.629,236.442,110.984
365.835,124.184,58.8902
422.58,141.845,67.9468
421.653,139.939,67.7207
422.421,138.558,67.7659
427.972,135.514,68.429
679.337,212.436,108.498
678.393,209.479,108.227
676.945,206.446,107.88
673.875,202.942,107.277
387.512,72.5559,60.0958
386.311,70.9013,59.8697
386.848,69.6049,59.9149
325.692,45.831,50.135
325.748,44.7088,50.12
611.317,79.6132,93.9712
625.615,79.2555,96.1261
625.202,76.9867,96.0206
624.877,74.7334,95.9302
663.697,74.6801,101.807
662.571,72.2708,101.596
661.339,69.8596,101.37
249.479,23.7364,38.2003
249.164,22.8511,38.14
252.492,22.2678,38.6373
251.091,21.2612,38.4113
622.046,50.4857,95.1315
621.923,48.2911,95.0863
253.961,18.8281,38.8181
655.587,41.7055,100.134
658.188,39.68,100.511
662.856,37.7558,101.204
258.836,13.8368,39.5113
258.093,12.8938,39.3907
248.952,11.5879,37.9893
248.891,10.7363,37.9742
248.434,9.82613,37.8989
248.764,8.94784,37.9441
247.213,8.02812,37.703
248.524,7.20238,37.8989
248.943,6.34491,37.9592
653.689,14.3777,99.6673
605.993,11.3183,92.3889
604.644,9.28736,92.178
604.079,7.1697,92.0875
603.112,5.05277,91.9369
602.533,2.94454,91.8464
644.347,-3.59875,98.2207
643.342,-5.83899,98.07
642.131,-8.0697,97.8892
641.408,-10.244,97.7837
640.381,-12.4078,97.633
639.939,-14.634,97.5727
287.775,-7.58592,43.8814
287.451,-8.55646,43.8361
288.013,-9.55438,43.9266
247.961,-11.6068,37.8386
247.524,-12.4524,37.7783
248.072,-13.3482,37.8688
248.812,-14.2811,37.9893
581.293,-35.4515,88.7723
580.676,-37.3979,88.697
239.28,-16.2286,36.5577
238.926,-17.0426,36.5125
237.386,-17.7658,36.2865
237.423,-18.5814,36.3016
236.57,-19.3249,36.181
237.221,-21.0045,36.3016
235.867,-21.7146,36.1057
236.085,-22.566,36.1509
343.434,-34.0069,52.6064
231.992,-23.7694,35.5481
619.921,-65.7581,95.026
234.862,-25.7631,36.0153
232.624,-27.0801,35.6988
551.64,-66.072,84.6886
572.12,-70.4502,87.8682
571.38,-72.3848,87.7928
570.536,-74.3022,87.7024
232.029,-31.0417,35.6837
231.331,-31.7707,35.5933
230.632,-32.4953,35.5029
566.019,-81.7662,87.175
238.125,-35.2481,36.6934
237.609,-36.0199,36.6331
237.485,-36.8284,36.6331
230.59,-37.3888,35.6084
228.995,-37.951,35.3824
228.287,-38.5913,35.2919
228.161,-39.3282,35.2919
227.828,-40.0901,35.2618
227.589,-40.8677,35.2467
359.789,-65.9038,55.7558
358.876,-67.0322,55.6504
358.543,-68.266,55.6353
228.84,-44.3991,35.533
229.363,-45.3318,35.6385
356.742,-71.8023,55.4695
225.945,-46.2772,35.1563
355.024,-75.2359,55.3188
354.379,-76.3605,55.2586
226.357,-49.5814,35.3221
225.608,-50.2226,35.2317
352.899,-79.8529,55.1531
224.866,-51.7078,35.1714
352.044,-82.2471,55.1079
221.326,-52.5231,34.6741
221.621,-53.4112,34.7495
222.778,-54.5134,34.9604
222.49,-55.2669,34.9453
349.501,-88.1128,54.9421
220.859,-56.481,34.7495
348.606,-90.4153,54.8969
220.087,-57.8825,34.6892
219.793,-58.6057,34.6741
219.397,-59.321,34.644
219.474,-60.1649,34.6892
218.787,-60.7983,34.6138
218.097,-61.4276,34.5385
217.892,-62.1505,34.5385
217.495,-62.8178,34.5083
217.18,-63.5489,34.4933
216.862,-64.2785,34.4782
216.441,-64.9971,34.4481
216.302,-65.7999,34.4631
215.982,-66.5066,34.4481
215.566,-67.1824,34.4179
215.235,-67.9047,34.4029
214.809,-68.5955,34.3727
214.674,-69.3378,34.3878
214.349,-70.0186,34.3727
214.103,-70.7664,34.3727
213.761,-71.482,34.3577
217.063,-73.4505,34.9303
526.657,-180.315,84.8544
212.614,-73.6244,34.2974
212.356,-74.3661,34.2974
211.922,-75.0039,34.2672
211.579,-75.6729,34.2522
211.592,-76.5119,34.2974
211.231,-77.2161,34.2823
210.868,-77.9187,34.2672
210.409,-78.5851,34.2371
210.141,-79.3007,34.2371
210.054,-80.0859,34.2672
209.688,-80.7648,34.2522
209.412,-81.478,34.2522
208.942,-82.1362,34.222
208.746,-82.9015,34.2371
208.456,-83.6296,34.2371
208.071,-84.3196,34.222
207.797,-84.991,34.222
207.339,-85.5861,34.1919
207.123,-86.3654,34.207
206.904,-87.1443,34.222
206.598,-87.866,34.222
206.29,-88.5866,34.222
205.889,-89.2669,34.207
205.576,-89.985,34.207
205.351,-90.742,34.222
204.943,-91.418,34.207
204.721,-92.1555,34.222
204.406,-92.8518,34.222
204.179,-93.5881,34.2371
203.769,-94.2409,34.222
203.529,-94.9935,34.2371
203.196,-95.7033,34.2371
202.877,-96.3766,34.2371
202.557,-97.0489,34.2371
202.217,-97.7553,34.2371
202.052,-98.5473,34.2672
201.707,-99.252,34.2672
201.359,-99.9555,34.2672
201.106,-100.684,34.2823
200.762,-101.368,34.2823
200.574,-102.176,34.3124
200.207,-102.893,34.3124
199.768,-103.528,34.2974
199.415,-104.207,34.2974
199.234,-104.978,34.3275
198.963,-105.701,34.3426
198.68,-106.442,34.3577
198.307,-107.135,34.3577
198.019,-107.874,34.3727
197.641,-108.564,34.3727
197.453,-109.315,34.4029
197.176,-110.017,34.4179
196.781,-110.722,34.4179
196.469,-111.474,34.433
196.175,-112.191,34.4481
195.877,-112.907,34.4631
195.406,-113.524,34.4481
195.104,-114.238,34.4631
194.799,-114.952,34.4782
194.577,-115.715,34.5083
194.341,-116.495,34.5385
194.018,-117.224,34.5536
193.692,-117.952,34.5686
193.279,-118.627,34.5686
192.948,-119.353,34.5837
192.698,-120.131,34.6138
192.456,-120.891,34.644
192.043,-121.545,34.644
191.795,-122.305,34.6741
191.378,-122.957,34.6741
191.113,-123.731,34.7042
190.763,-124.452,34.7193
190.41,-125.171,34.7344
190.137,-125.944,34.7645
189.778,-126.662,34.7796
189.581,-127.489,34.8248
189.228,-128.189,34.8399
188.872,-128.888,34.8549
188.584,-129.659,34.8851
193.819,-134.257,35.9399
189.794,-132.426,35.2769
187.886,-132.048,35.0056
187.424,-132.703,35.0056
187.04,-133.414,35.0207
186.837,-134.207,35.0659
186.552,-134.942,35.096
186.239,-135.708,35.1262
185.924,-136.475,35.1563
185.605,-137.24,35.1865
185.204,-137.946,35.2015
184.971,-138.754,35.2467
184.576,-139.442,35.2618
184.155,-140.162,35.2769
183.809,-140.94,35.307
183.497,-141.669,35.3371
183.261,-142.459,35.3824
182.84,-143.159,35.3974
182.65,-144.041,35.4577
182.146,-144.678,35.4577
181.871,-145.498,35.5029
181.452,-146.178,35.518
181.184,-146.982,35.5632
180.823,-147.738,35.5933
180.382,-148.432,35.6084
180.168,-149.313,35.6687
179.873,-150.131,35.7139
179.512,-150.869,35.744
179.149,-151.607,35.7742
178.769,-152.36,35.8043
178.536,-153.24,35.8646
177.925,-153.798,35.8495
177.686,-154.678,35.9098
177.293,-155.427,35.9399
177.046,-156.307,36.0002
176.809,-157.171,36.0605
176.346,-157.838,36.0755
176.001,-158.667,36.1207
175.578,-159.428,36.1509
175.254,-160.225,36.1961
174.78,-160.887,36.2112
174.507,-161.765,36.2714
174.303,-162.711,36.3468
173.82,-163.371,36.3618
173.55,-164.233,36.4221
173.119,-164.974,36.4523
172.828,-165.852,36.5125
172.319,-166.523,36.5276
171.949,-167.33,36.5728
171.646,-168.206,36.6331
171.269,-169.012,36.6783
170.888,-169.818,36.7235
170.504,-170.623,36.7687
169.992,-171.273,36.7838
169.825,-172.273,36.8742
169.499,-173.147,36.9345
169.1,-173.95,36.9797
168.767,-174.824,37.04
168.224,-175.484,37.055
167.914,-176.327,37.1153
167.532,-177.098,37.1605
167.116,-177.898,37.2057
166.898,-178.914,37.2961
166.324,-179.582,37.3112
165.948,-180.467,37.3715
165.733,-181.469,37.4619
165.38,-182.325,37.5222
165.14,-183.342,37.6126
165.092,-184.581,37.7482
165.382,-186.176,37.9592
165.728,-187.85,38.1852
242.958,-277.382,56.2079
242.224,-278.548,56.2682
161.938,-194.226,38.5469
161.781,-195.385,38.6674
161.052,-195.859,38.6524
160.663,-196.816,38.7277
166.057,-204.917,40.2045
165.116,-206.689,40.325
160.374,-202.124,39.3305
161.661,-205.14,39.8127
158.507,-202.588,39.2099
157.844,-206.227,39.5866
157.081,-206.684,39.5716
156.198,-206.981,39.5264
155.516,-207.618,39.5414
155.893,-209.68,39.8278
155.589,-210.766,39.9332
191.222,-260.889,49.3062
190.019,-261.155,49.2309
189.28,-262.057,49.2761
153.207,-213.721,40.0839
152.9,-214.913,40.2045
153.023,-216.643,40.4305
152.228,-217.082,40.4155
151.469,-217.612,40.4155
147.955,-214.154,39.6771
221.621,-323.185,59.7341
220.269,-323.63,59.6738
149.8,-221.753,40.7922
150.842,-224.984,41.2895
149.472,-224.591,41.1237
148.271,-224.439,41.0031
147.162,-224.459,40.9127
146.593,-225.303,40.973
147.2,-227.972,41.3648
146.723,-228.984,41.4552
145.797,-229.341,41.4251
145.345,-230.446,41.5306
144.632,-231.011,41.5456
145.495,-235.945,42.2539
144.671,-236.451,42.2539
143.926,-237.136,42.284
144.097,-239.344,42.5854
141.432,-240.584,42.5402
140.641,-241.161,42.5553
357.71,-628.023,110.171
137.442,-243.226,42.5854
136.689,-243.877,42.6155
135.981,-244.611,42.6608
141.262,-256.265,44.6047
140.391,-256.855,44.6197
140.012,-258.3,44.7855
136.441,-253.824,43.9266
136.25,-255.496,44.1375
134.894,-254.985,43.9718
135.404,-258.18,44.4389
134.434,-258.575,44.4238
131.575,-264.245,44.9965
131.833,-267.096,45.4033
130.816,-267.265,45.3581
130.102,-268.053,45.4184
129.076,-268.439,45.4033
127.113,-266.858,45.0567
126.734,-268.351,45.2376
125.466,-267.964,45.102
130.015,-280.35,47.1061
125.562,-273.368,45.8554
304.754,-675.583,112.973
303.12,-678.267,113.245
301.511,-681.039,113.531
299.965,-683.664,113.802
298.406,-686.287,114.073
296.887,-689.53,114.435
293.351,-694.798,114.963
291.954,-698.281,115.369
290.725,-702.219,115.852
289.059,-705.15,116.168
287.29,-707.687,116.424
136.688,-340.021,55.8613
135.756,-341.139,55.9668
282.715,-717.715,117.585
293.142,-791.616,128.675
288.948,-788.946,128.073
285.786,-789.046,127.922
127.197,-362.913,58.619
125.767,-362.783,58.5286
140.741,-498.531,78.9623
139.362,-500.15,79.1432
118.505,-566.755,88.26
118.237,-574.988,89.4806
116.727,-578.121,89.9025
109.93,-554.68,86.1955
107.683,-553.207,85.9092
106.134,-555.318,86.1804
103.327,-561.879,87.0846
100.365,-556.691,86.2257
97.7849,-553.436,85.6681
94.2802,-555.648,85.9092
94.7059,-569.911,88.0641
91.5753,-562.912,86.9339
91.1476,-572.894,88.4258
74.8458,-491.991,75.8581
73.3449,-493.117,75.9937
81.4743,-575.348,88.5764
78.8436,-571.124,87.8833
77.2449,-574.335,88.3353
55.6926,-648.296,99.1851
53.486,-649.176,99.2906
36.2976,-556.773,85.0503
34.3418,-556.699,85.0201
40.7967,-746.055,113.893
29.824,-582.698,88.9381
26.7966,-717.11,109.387
17.5932,-579.14,88.3203
15.6218,-577.318,88.034
15.3332,-645.856,98.4769
13.0367,-643.83,98.1604
9.51389,-567.761,86.5572
5.59302,-562.178,85.6982
3.67831,-561.996,85.6681
1.74938,-556.865,84.8845
-0.242532,-555.978,84.7489
-2.24409,-559.038,85.216
-4.09939,-559.225,85.2462
-8.12515,-567.684,86.5421
-10.1826,-566.365,86.3462
-12.0944,-567.91,86.5873
-15.9066,-646.237,98.5371
-16.2314,-579.279,88.3353
-18.1375,-577.145,88.0189
-20.9386,-599.604,91.4546
-24.1843,-577.022,88.034
-27.1358,-597.574,91.1834
-28.9188,-592.344,90.3998
-30.9758,-593.032,90.5204
-32.9828,-592.726,90.4902
-36.7024,-587.456,89.7217
-38.6949,-587.229,89.7066
-47.9584,-691.036,105.59
-50.3127,-690.076,105.469
-50.032,-654.706,100.089
-52.3645,-655.119,100.18
-55.4151,-664.789,101.687
-57.6772,-664.596,101.687
-62.1217,-687.922,105.288
-63.8484,-680.516,104.188
-65.869,-676.649,103.631
-67.665,-670.808,102.772
-69.6091,-667.329,102.274
114.008,58.3911,-1.49122
103.467,44.6562,-1.31195
280.856,77.2287,-3.39105
238.916,-17.8803,-2.7892
222.49,-64.2606,-2.69607
251.569,-99.9081,-3.15124
204.835,-101.681,-2.66232
202.342,-101.303,-2.63438
204.049,-103.028,-2.66115
204.303,-104.075,-2.6693
63.3863,-710.229,-8.30126
61.1163,-711.431,-8.3129
-1.55697,-108.781,-1.26655
-1.95205,-108.575,-1.26422
-2.31422,-108.668,-1.26539
-2.67949,-108.86,-1.26771
-3.05278,-108.95,-1.26888
-3.42983,-109.139,-1.27121
-3.82124,-109.426,-1.2747
-4.21085,-109.612,-1.27703
-4.58087,-109.297,-1.27353
-7.94062,-114.417,-1.33523
-13.009,-124.715,-1.45979
-13.5084,-125.366,-1.46794
-14.0234,-126.114,-1.47725
-14.5322,-126.761,-1.4854
-15.0333,-127.206,-1.49122
-15.4893,-127.252,-1.49239
-16.0341,-128.092,-1.50286
-18.0055,-129.344,-1.52033
-18.7987,-131.757,-1.54943
-684.201,-534.845,-10.1103
-689.41,-531.396,-10.1336
-723.453,-500.383,-10.2407
-727.094,-495.432,-10.243
-729.482,-493.34,-10.2523
-732.611,-491.737,-10.2721
-752.633,-479.388,-10.3885
-755.275,-477.465,-10.4025
-756.344,-474.454,-10.3943
-762.58,-474.664,-10.4572
-772.853,-470.179,-10.5317
-775.819,-468.373,-10.5503
-780.023,-467.204,-10.5852
-800.719,-457.37,-10.7354
-807.379,-453.728,-10.782
-1074.73,304.828,-13.0054
563.054,546.973,138.415
552.227,532.814,135.307
554.037,530.931,135.307
554.775,524.442,134.612
558.326,524.12,135.029
364.765,203.026,73.6095
364.988,201.609,73.5226
430.059,235.743,86.4768
381.648,207.477,76.5962
382.197,206.05,76.5615
384.39,205.504,76.8567
384.322,203.746,76.7004
381.631,200.616,76.0232
453.852,236.563,90.245
448.134,231.547,88.9426
433.357,221.951,85.8517
426.929,216.781,84.4277
364.173,183.319,71.8903
428.785,213.971,84.4972
363.943,180.03,71.5951
361.901,177.489,71.0742
363.212,176.601,71.2131
364.092,175.461,71.2652
366.035,174.825,71.5257
375.545,177.76,73.2622
377.054,176.866,73.4358
452.596,210.376,88.0049
356.186,164.053,69.1467
356.294,162.636,69.0599
429.525,194.299,83.1254
430.307,192.801,83.1427
433.335,192.299,83.5942
433.427,188.909,83.3685
431.478,186.226,82.8649
432.504,184.835,82.9344
440.039,186.242,84.2541
439.869,184.362,84.0978
438.236,181.882,83.6637
439.779,180.725,83.8373
442.474,180.12,84.2367
443.617,178.873,84.3409
443.172,176.808,84.1325
447.298,176.556,84.7924
416.526,162.774,78.8536
416.71,161.213,78.7842
413.945,158.526,78.159
409.51,155.231,77.2213
408.587,153.212,76.9435
408.579,151.543,76.8393
408.075,149.779,76.6483
408.12,148.221,76.5615
364.251,130.816,68.2437
423.926,150.536,79.3225
423.612,148.762,79.1662
363.938,126.381,67.9312
363.911,124.949,67.8443
419.925,142.545,78.1938
419.38,140.77,78.0028
429.11,142.413,79.7219
429.979,141.037,79.7913
432.905,140.325,80.2428
424.376,135.966,78.5758
677.391,214.491,125.287
676.933,211.684,125.061
675.804,208.679,124.714
674.456,205.687,124.332
667.493,188.504,122.3
666.155,185.618,121.936
665.264,182.932,121.658
664.552,180.306,121.415
657.603,163.593,119.487
656.817,161.026,119.244
655.542,158.35,118.914
654.64,155.776,118.654
648.506,140.093,116.987
647.522,137.635,116.726
646.287,134.899,116.414
645.233,132.213,116.136
646.173,130.057,116.223
388.67,76.8177,69.8587
388.239,75.4308,69.7371
383.547,73.2349,68.8515
383.129,71.7352,68.7299
383.964,70.4707,68.8341
384.984,69.2694,68.9731
636.288,98.5026,113.531
632.267,93.4779,112.698
631.128,91.0594,112.437
324.839,45.711,57.8422
629.009,86.3313,111.951
625.194,81.4205,111.17
624.205,79.0768,110.944
608.206,62.1011,107.801
609.988,60.1323,108.079
614.012,58.4197,108.756
618.424,56.7164,109.503
620.09,54.687,109.763
617.137,52.2563,109.207
616.727,50.054,109.103
615.523,47.7942,108.86
614.704,45.5726,108.686
613.681,43.3433,108.478
612.846,41.1349,108.304
612.003,38.9329,108.131
611.047,36.838,107.94
610.183,34.7555,107.766
609.317,32.5728,107.592
608.443,30.3966,107.419
607.363,28.2707,107.21
606.767,26.1737,107.089
605.774,23.9598,106.898
604.872,21.7568,106.724
604.058,19.6165,106.568
603.138,17.4793,106.394
602.408,15.3538,106.255
601.572,13.2314,106.099
600.628,11.218,105.925
599.677,9.21108,105.752
599.115,7.11077,105.648
599.333,5.02111,105.682
599.642,2.93042,105.734
608.61,-1.27462,107.315
611.359,-3.41451,107.801
610.851,-5.54411,107.714
621.266,-7.80749,109.555
620.35,-9.90769,109.398
287.608,-5.57258,50.7226
286.701,-6.55621,50.5663
286.775,-7.55956,50.5837
618.087,-18.3984,109.034
627.962,-20.8317,110.788
627.1,-22.9399,110.649
626.33,-25.0465,110.527
625.257,-27.1353,110.353
624.374,-29.2263,110.215
623.776,-31.3809,110.128
622.581,-33.4999,109.937
621.867,-35.6933,109.832
621.244,-37.8881,109.746
339.646,-21.8746,60.0128
341.535,-23.1637,60.3601
618.267,-44.101,109.294
617.52,-46.2148,109.19
616.77,-48.2701,109.086
330.877,-27.0286,58.5368
329.998,-28.0877,58.3979
328.723,-29.1064,58.1895
329.992,-30.3801,58.4326
612.418,-58.5377,108.478
611.529,-60.5537,108.356
610.732,-62.5744,108.252
344.131,-36.5036,61.02
344.781,-37.8206,61.1589
232.02,-26.2302,41.172
549.652,-63.9858,97.5729
571.34,-68.4316,101.463
570.425,-70.2415,101.341
569.493,-72.1457,101.22
569.042,-74.1076,101.185
602.074,-84.8303,107.21
601.481,-86.8891,107.158
238.58,-35.3155,42.5264
238.066,-36.0891,42.457
237.941,-36.8991,42.457
270.636,-43.882,48.3437
270.773,-44.8747,48.3957
270.821,-45.7816,48.4305
270.477,-46.6223,48.3957
588.525,-135.331,106.481
587.569,-137.272,106.394
586.895,-139.277,106.36
585.927,-141.209,106.273
585.143,-143.184,106.221
584.162,-145.107,106.134
588.235,-148.3,106.967
588.204,-150.424,107.054
587.594,-152.4,107.037
218.39,-57.4361,39.8175
217.622,-58.0268,39.7133
218.654,-59.1203,39.9391
218.826,-59.9873,40.0085
218.616,-60.7508,40.0085
217.075,-61.1398,39.7654
217.534,-62.0483,39.887
217.611,-62.8514,39.9391
217.107,-63.5276,39.887
579.458,-171.753,106.568
578.557,-173.74,106.516
577.649,-175.723,106.464
576.859,-177.63,106.429
576.251,-179.593,106.429
575.527,-181.573,106.412
574.421,-183.432,106.325
573.622,-185.275,106.29
573.004,-187.176,106.29
572.067,-189.082,106.238
571.59,-191.14,106.273
525.846,-177.938,97.8855
524.554,-179.595,97.7639
524.017,-181.457,97.7813
523.194,-183.22,97.7466
522.677,-184.987,97.7639
521.968,-186.686,97.7466
312.936,-113.158,58.6757
311.984,-114.046,58.5715
555.272,-205.181,104.38
556.213,-207.738,104.692
556.793,-210.117,104.936
219.007,-83.4991,41.3283
217.802,-83.89,41.1546
216.873,-84.3808,41.0331
216.485,-85.1013,41.0157
216.37,-85.9292,41.0504
216.709,-86.9406,41.172
612.263,-250.421,116.639
207.094,-85.4849,39.505
205.787,-85.8084,39.3139
206.114,-86.8117,39.4355
541.131,-232.376,103.842
540.316,-234.264,103.842
539.585,-236.188,103.859
207.72,-91.7888,40.0433
207.309,-92.4732,40.0259
205.107,-92.3293,39.6612
204.881,-93.0676,39.6786
204.563,-93.7643,39.6786
203.975,-94.336,39.6265
205.072,-95.7138,39.9044
206.697,-97.3523,40.2864
309.737,-147.14,60.4643
537.142,-257.355,105.022
534.467,-258.372,104.675
532.146,-259.545,104.397
529.204,-260.401,103.998
529.351,-262.772,104.206
199.908,-100.937,39.4876
199.984,-101.875,39.5744
200.845,-103.22,39.8175
200.317,-103.813,39.7828
200.749,-104.904,39.9391
196.203,-104.235,39.175
205.561,-110.128,41.1199
205.695,-111.126,41.2241
198.509,-109.899,40.0085
197.971,-110.461,39.9738
197.66,-111.217,39.9912
196.662,-111.583,39.8696
202.179,-115.625,41.0678
516.114,-299.843,105.248
515.091,-301.598,105.248
514.061,-303.349,105.248
513.026,-305.097,105.248
511.958,-306.886,105.248
509.956,-308.111,105.057
195.14,-118.834,40.2864
194.388,-119.308,40.2169
197.404,-122.11,40.9289
661.13,-412.158,137.373
636.96,-406.179,133.206
292.972,-188.229,61.402
291.982,-189.037,61.3325
291.898,-190.431,61.4541
506.59,-333.021,106.898
506.081,-335.222,107.037
197.765,-132.993,42.0229
196.577,-133.168,41.8666
195.635,-133.503,41.7624
195.005,-134.074,41.7277
194.617,-134.81,41.745
194.884,-135.978,41.9013
560.688,-396.989,121.137
555.691,-396.371,120.356
553.014,-397.234,120.06
552.731,-399.816,120.286
552.526,-402.613,120.547
539.685,-396.148,118.046
538.061,-397.854,117.994
533.984,-397.729,117.404
521.756,-394.172,115.302
517.208,-393.651,114.608
507.778,-392.031,113.114
503.754,-391.597,112.507
499.283,-390.925,111.812
182.494,-143.918,40.981
182.993,-145.351,41.2067
184.484,-147.588,41.6582
181.45,-146.176,41.0852
181.563,-147.289,41.2241
180.514,-147.486,41.1025
179.922,-148.053,41.0852
178.949,-148.303,40.981
178.43,-148.927,40.981
179.355,-150.737,41.3109
179.292,-151.728,41.4151
179.586,-153.056,41.6061
184.207,-158.107,42.8043
183.877,-158.943,42.8564
183.99,-160.165,43.0127
436.543,-382.703,102.366
436.09,-385.007,102.574
437.648,-389.041,103.251
459.363,-411.151,108.704
458.474,-413.319,108.843
457.794,-415.685,109.034
434.014,-399.516,104.015
427.773,-416.282,105.248
436.094,-427.353,107.662
433.618,-427.904,107.419
425.206,-422.543,105.7
421.849,-422.144,105.231
419.647,-422.808,105.04
425.334,-434.488,107.21
422.373,-434.487,106.846
175.578,-181.88,44.5755
174.397,-181.923,44.4366
173.589,-182.286,44.3845
173.051,-182.932,44.4018
172.816,-183.966,44.506
410.142,-442.835,106.429
409.088,-444.88,106.568
408.368,-447.142,106.776
407.704,-449.478,107.002
406.726,-451.557,107.158
405.87,-453.781,107.349
404.846,-455.749,107.488
403.749,-457.641,107.61
242.485,-276.842,64.8923
241.816,-278.08,64.9792
400.889,-464.189,108.148
399.756,-466.074,108.27
398.742,-468.107,108.426
397.592,-469.987,108.547
396.351,-471.935,108.669
161.762,-194.014,44.5408
161.351,-194.867,44.6102
393.618,-478.688,109.277
393.522,-482.076,109.728
391.919,-483.634,109.763
160.759,-199.8,45.218
159.015,-199.052,44.9228
164.169,-206.907,46.5724
163.238,-207.141,46.503
162.818,-208.098,46.5898
385.924,-496.813,110.926
385.046,-499.361,111.187
449.278,-586.994,130.34
433.636,-587.418,128.743
429.014,-585.316,127.961
189.931,-261.034,56.9219
188.961,-261.616,56.9045
402.753,-574.337,123.69
399.339,-573.718,123.255
147.727,-213.822,45.8258
220.33,-321.302,68.6952
219.262,-322.151,68.7126
383.397,-571.848,121.397
382.158,-574.215,121.623
379.918,-579.472,122.179
352.596,-563.178,117.16
351.507,-565.599,117.421
350.254,-567.996,117.664
348.886,-570.223,117.872
347.61,-572.73,118.133
346.422,-575.405,118.428
345.017,-577.625,118.636
142.079,-239.765,49.1424
140.693,-239.326,48.9514
139.856,-239.816,48.9514
139.533,-241.143,49.1251
139.054,-242.214,49.2466
204.747,-362.332,73.3837
203.577,-363.216,73.4185
202.835,-364.871,73.6095
332.219,-602.683,121.345
330.816,-605.251,121.623
329.452,-607.787,121.901
328.168,-610.495,122.214
326.883,-612.97,122.491
325.632,-615.531,122.787
324.159,-618.087,123.064
322.672,-620.641,123.342
321.352,-623.542,123.69
319.925,-626.267,124.002
318.549,-628.846,124.297
317.158,-631.422,124.593
314.399,-636.977,125.252
313.237,-639.962,125.634
312.016,-642.857,125.999
310.298,-645.328,126.26
308.778,-648.239,126.607
295.706,-637.626,123.933
302.364,-676.578,130.67
300.559,-678.89,130.913
299.137,-681.776,131.278
297.778,-684.842,131.677
295.91,-687.26,131.938
294.144,-689.945,132.25
292.5,-692.782,132.598
290.916,-695.797,132.98
289.201,-698.538,133.31
287.305,-707.723,134.682
285.776,-710.89,135.098
135.383,-340.203,64.5624
125.513,-362.05,67.5665
123.928,-361.45,67.3755
122.919,-362.523,67.497
252.518,-770.985,143.051
233.772,-817.413,149.91
231.738,-820.858,150.397
210.156,-856.895,155.571
207.614,-858.831,155.797
118.072,-564.688,101.723
179.833,-874.528,157.429
112.765,-568.985,102.279
110.904,-569.752,102.348
108.594,-568.192,102.001
105.231,-561.211,100.681
103.502,-562.834,100.907
103.169,-583.908,104.554
100.425,-579.89,103.772
98.3684,-579.743,103.685
94.1991,-566.862,101.324
91.9215,-565.041,100.942
78.6528,-494.36,88.2654
76.8812,-494.34,88.2133
84.1486,-565.753,100.855
71.4206,-491.974,87.6576
69.7303,-492.415,87.6923
78.8255,-570.993,101.636
76.5825,-569.41,101.306
74.6313,-569.57,101.289
76.1403,-614.35,109.155
70.7751,-623.119,110.579
68.7612,-624.831,110.84
66.8196,-627.319,111.239
69.0363,-669.764,118.723
66.8052,-670.486,118.81
64.3983,-670.028,118.689
56.5446,-633.569,112.159
53.9797,-628.357,111.204
51.1794,-621.18,109.902
49.0804,-622.238,110.058
46.6787,-619.362,109.52
37.4853,-574.99,101.602
35.5447,-576.199,101.793
33.4073,-574.157,101.411
31.0911,-568.566,100.403
25.4354,-573.382,101.202
23.4579,-574.058,101.306
22.4028,-599.526,105.786
18.3005,-602.424,106.273
15.4822,-572.161,100.924
13.5824,-572.111,100.907
11.5694,-571.367,100.768
9.31588,-555.944,98.0418
7.38041,-552.723,97.4687
5.50995,-553.828,97.6597
3.71648,-567.828,100.126
1.78477,-568.133,100.178
-0.28216,-646.822,114.052
-2.43279,-606.046,106.863
-10.3508,-575.724,101.532
-14.3216,-581.845,102.626
-16.2191,-578.84,102.105
-18.1147,-576.419,101.688
-20.5357,-588.064,103.755
-29.315,-645.566,113.948
-31.5697,-646.642,114.156
-33.8678,-648.4,114.486
-36.1016,-648.773,114.573
-43.2612,-656.526,116.014
-46.1185,-664.526,117.456
-48.5667,-666.129,117.768
-51.1318,-669.097,118.324
